PAGE chr_high 0 4096 1024
S chr_high 0 chr_player_run2_8 0.000732 0.002930 0.010498 0.110352 0.49706 0.62686 0.6250 1.7188
S chr_high 0 chr_player_run6_8 0.011963 0.002930 0.021729 0.110352 0.49706 0.62686 0.6250 1.7188
S chr_high 0 chr_player_run6_9 0.023193 0.002930 0.037109 0.108398 0.51603 0.66443 0.8906 1.6875
S chr_high 0 chr_player_run2_7 0.038574 0.002930 0.052490 0.108398 0.48663 0.66443 0.8906 1.6875
S chr_high 0 chr_player_run2_9 0.053955 0.002930 0.066650 0.101562 0.40441 0.60178 0.8125 1.5781
S chr_high 0 chr_player_run6_7 0.068115 0.002930 0.080811 0.101562 0.59008 0.60178 0.8125 1.5781
S chr_high 0 chr_player_run7_8 0.082275 0.002930 0.092041 0.099609 0.49711 0.64635 0.6250 1.5469
S chr_high 0 chr_player_run3_8 0.093506 0.002930 0.103271 0.099609 0.49711 0.64635 0.6250 1.5469
S chr_high 0 chr_player_run7_9 0.104736 0.002930 0.117920 0.097656 0.47288 0.68893 0.8438 1.5156
S chr_high 0 chr_player_run3_7 0.119385 0.002930 0.132568 0.097656 0.52562 0.68893 0.8438 1.5156
S chr_high 0 chr_player_run2_6 0.134033 0.002930 0.155029 0.094727 0.47802 0.73510 1.3438 1.4688
S chr_high 0 chr_player_run6_0 0.156494 0.002930 0.166260 0.094727 0.49706 0.60533 0.6250 1.4688
S chr_high 0 chr_player_run2_0 0.167725 0.002930 0.177490 0.094727 0.49706 0.60533 0.6250 1.4688
S chr_high 0 chr_player_run6_10 0.178955 0.002930 0.199951 0.094727 0.51403 0.73510 1.3438 1.4688
S chr_high 0 chr_player_run7_7 0.201416 0.002930 0.213379 0.093750 0.59427 0.62857 0.7656 1.4531
S chr_high 0 chr_player_run2_1 0.214844 0.002930 0.227539 0.093750 0.59008 0.60327 0.8125 1.4531
S chr_high 0 chr_player_run3_9 0.229004 0.002930 0.240967 0.093750 0.40341 0.62857 0.7656 1.4531
S chr_high 0 chr_player_run6_15 0.242432 0.002930 0.255127 0.093750 0.40441 0.60327 0.8125 1.4531
S chr_high 0 chr_player_run2_10 0.256592 0.002930 0.274902 0.087891 0.46874 0.62332 1.1719 1.3594
S chr_high 0 chr_player_run6_6 0.276367 0.002930 0.294678 0.087891 0.52224 0.62332 1.1719 1.3594
S chr_high 0 chr_player_run7_10 0.296143 0.002930 0.315674 0.086914 0.46300 0.74997 1.2500 1.3438
S chr_high 0 chr_player_run3_6 0.317139 0.002930 0.336670 0.086914 0.52891 0.74997 1.2500 1.3438
S chr_high 0 chr_player_run7_6 0.338135 0.002930 0.354004 0.085938 0.56771 0.64717 1.0156 1.3281
S chr_high 0 chr_player_run3_10 0.355469 0.002930 0.371338 0.085938 0.43060 0.64717 1.0156 1.3281
S chr_high 0 chr_player_run6_1 0.372803 0.002930 0.386719 0.084961 0.48663 0.61463 0.8906 1.3125
S chr_high 0 chr_vizinho_walk2_4 0.388184 0.002930 0.398438 0.084961 0.49112 0.65577 0.6562 1.3125
S chr_high 0 chr_player_run2_15 0.399902 0.002930 0.413818 0.084961 0.51603 0.61463 0.8906 1.3125
S chr_high 0 chr_vizinho_walk6_4 0.415283 0.002930 0.425537 0.084961 0.49112 0.65577 0.6562 1.3125
S chr_high 0 chr_homem_polo_walk2_4 0.427002 0.002930 0.437012 0.083984 0.49979 0.62229 0.6406 1.2969
S chr_high 0 chr_homem_polo_walk6_4 0.438477 0.002930 0.448486 0.083984 0.49979 0.62229 0.6406 1.2969
S chr_high 0 chr_vizinho_walk7_0 0.449951 0.002930 0.460205 0.083008 0.49122 0.66919 0.6562 1.2812
S chr_high 0 chr_vizinho_walk3_0 0.461670 0.002930 0.471924 0.083008 0.49122 0.66919 0.6562 1.2812
S chr_high 0 chr_mulher_rosa_walk6_4 0.473389 0.002930 0.482178 0.083008 0.49870 0.63920 0.5625 1.2812
S chr_high 0 chr_player_walk6_8 0.483643 0.002930 0.493408 0.082031 0.49737 0.61908 0.6250 1.2656
S chr_high 0 chr_frentista_walk2_4 0.494873 0.002930 0.504639 0.082031 0.49737 0.61974 0.6250 1.2656
S chr_high 0 chr_frentista_walk6_4 0.506104 0.002930 0.515869 0.082031 0.49737 0.61974 0.6250 1.2656
S chr_high 0 chr_vizinho_walk2_5 0.517334 0.002930 0.529053 0.082031 0.45866 0.67700 0.7500 1.2656
S chr_high 0 chr_player_walk6_7 0.530518 0.002930 0.540771 0.082031 0.53164 0.61705 0.6562 1.2656
S chr_high 0 chr_corredor_walk6_4 0.542236 0.002930 0.552246 0.082031 0.49009 0.62527 0.6406 1.2656
S chr_high 0 chr_player_walk2_9 0.553711 0.002930 0.563965 0.082031 0.46874 0.61705 0.6562 1.2656
S chr_high 0 chr_vizinho_walk6_3 0.565430 0.002930 0.577148 0.082031 0.53778 0.67700 0.7500 1.2656
S chr_high 0 chr_corredor_walk2_4 0.578613 0.002930 0.588623 0.082031 0.49009 0.62527 0.6406 1.2656
S chr_high 0 chr_player_walk2_8 0.590088 0.002930 0.599854 0.082031 0.49737 0.61908 0.6250 1.2656
S chr_high 0 chr_mecanico_walk6_4 0.601318 0.002930 0.612305 0.082031 0.49516 0.63064 0.7031 1.2656
S chr_high 0 chr_jovem_moletom_walk2_4 0.613770 0.002930 0.623291 0.082031 0.49992 0.63408 0.6094 1.2656
S chr_high 0 chr_mecanico_walk2_4 0.624756 0.002930 0.635742 0.082031 0.49516 0.63064 0.7031 1.2656
S chr_high 0 chr_jovem_moletom_walk6_4 0.637207 0.002930 0.646729 0.082031 0.49992 0.63408 0.6094 1.2656
S chr_high 0 chr_frentista_walk3_0 0.648193 0.002930 0.657959 0.081055 0.49747 0.65806 0.6250 1.2500
S chr_high 0 chr_vizinho_walk3_4 0.659424 0.002930 0.669678 0.081055 0.49122 0.69293 0.6562 1.2500
S chr_high 0 chr_vizinho_walk6_0 0.671143 0.002930 0.681396 0.081055 0.49112 0.68154 0.6562 1.2500
S chr_high 0 chr_vizinho_walk7_4 0.682861 0.002930 0.693115 0.081055 0.49122 0.69293 0.6562 1.2500
S chr_high 0 chr_player_run5_8 0.694580 0.002930 0.704346 0.081055 0.49711 0.79985 0.6250 1.2500
S chr_high 0 chr_player_run5_9 0.705811 0.002930 0.715820 0.081055 0.40767 0.83532 0.6406 1.2500
S chr_high 0 chr_vizinho_walk2_0 0.717285 0.002930 0.727539 0.081055 0.49112 0.68154 0.6562 1.2500
S chr_high 0 chr_mecanico_walk6_3 0.729004 0.002930 0.741211 0.081055 0.54665 0.65832 0.7812 1.2500
S chr_high 0 chr_homem_polo_walk2_5 0.742676 0.002930 0.755127 0.081055 0.47047 0.65584 0.7969 1.2500
S chr_high 0 chr_player_run1_8 0.756592 0.002930 0.766357 0.081055 0.49711 0.79985 0.6250 1.2500
S chr_high 0 chr_mecanico_walk7_0 0.767822 0.002930 0.778809 0.081055 0.49526 0.65806 0.7031 1.2500
S chr_high 0 chr_mecanico_walk3_0 0.780273 0.002930 0.791260 0.081055 0.49526 0.65806 0.7031 1.2500
S chr_high 0 chr_mecanico_walk2_5 0.792725 0.002930 0.804932 0.081055 0.45504 0.65832 0.7812 1.2500
S chr_high 0 chr_player_run1_7 0.806396 0.002930 0.816406 0.081055 0.58147 0.83532 0.6406 1.2500
S chr_high 0 chr_frentista_walk7_0 0.817871 0.002930 0.827637 0.081055 0.49747 0.65806 0.6250 1.2500
S chr_high 0 chr_homem_polo_walk6_3 0.829102 0.002930 0.841553 0.081055 0.52513 0.65584 0.7969 1.2500
S chr_high 0 chr_corredor_walk6_3 0.843018 0.002930 0.855225 0.080078 0.52524 0.65124 0.7812 1.2344
S chr_high 0 chr_player_run6_14 0.856689 0.002930 0.875000 0.080078 0.46874 0.61424 1.1719 1.2344
S chr_high 0 chr_mecanico_walk6_0 0.876465 0.002930 0.887451 0.080078 0.49516 0.66177 0.7031 1.2344
S chr_high 0 chr_player_run2_2 0.888916 0.002930 0.907227 0.080078 0.52224 0.61424 1.1719 1.2344
S chr_high 0 chr_vizinho_walk3_1 0.908691 0.002930 0.918701 0.080078 0.55917 0.69354 0.6406 1.2344
S chr_high 0 chr_mecanico_walk2_0 0.920166 0.002930 0.931152 0.080078 0.49516 0.66177 0.7031 1.2344
S chr_high 0 chr_frentista_walk2_0 0.932617 0.002930 0.942383 0.080078 0.49737 0.66177 0.6250 1.2344
S chr_high 0 chr_vizinho_walk7_7 0.943848 0.002930 0.953857 0.080078 0.43404 0.69354 0.6406 1.2344
S chr_high 0 chr_corredor_walk2_5 0.955322 0.002930 0.967529 0.080078 0.47056 0.65124 0.7812 1.2344
S chr_high 0 chr_homem_polo_walk3_0 0.968994 0.002930 0.979004 0.080078 0.49990 0.63680 0.6406 1.2344
S chr_high 0 chr_homem_polo_walk7_0 0.980469 0.002930 0.990479 0.080078 0.49990 0.63680 0.6406 1.2344
S chr_high 0 chr_frentista_walk6_0 0.000732 0.116211 0.010498 0.193359 0.49737 0.66177 0.6250 1.2344
S chr_high 0 chr_mulher_rosa_walk2_4 0.011963 0.116211 0.020752 0.192383 0.49870 0.62198 0.5625 1.2188
S chr_high 0 chr_vizinho_walk7_3 0.022217 0.116211 0.032227 0.192383 0.55917 0.70752 0.6406 1.2188
S chr_high 0 chr_mecanico_walk2_1 0.033691 0.116211 0.045898 0.192383 0.54665 0.67520 0.7812 1.2188
S chr_high 0 chr_homem_polo_walk6_7 0.047363 0.116211 0.059814 0.192383 0.47047 0.67265 0.7969 1.2188
S chr_high 0 chr_mecanico_walk3_1 0.061279 0.116211 0.072021 0.192383 0.55283 0.67882 0.6875 1.2188
S chr_high 0 chr_jovem_moletom_walk2_5 0.073486 0.116211 0.085449 0.192383 0.46590 0.65149 0.7656 1.2188
S chr_high 0 chr_homem_polo_walk7_4 0.086914 0.116211 0.096924 0.192383 0.49990 0.66699 0.6406 1.2188
S chr_high 0 chr_homem_polo_walk7_7 0.098389 0.116211 0.108887 0.192383 0.44283 0.67650 0.6719 1.2188
S chr_high 0 chr_player_walk7_15 0.110352 0.116211 0.120117 0.192383 0.47106 0.62609 0.6250 1.2188
S chr_high 0 chr_player_run7_0 0.121582 0.116211 0.131348 0.192383 0.49711 0.57352 0.6250 1.2188
S chr_high 0 chr_player_run3_1 0.132812 0.116211 0.144775 0.192383 0.59427 0.57211 0.7656 1.2188
S chr_high 0 chr_homem_polo_walk2_1 0.146240 0.116211 0.158691 0.192383 0.52513 0.67265 0.7969 1.2188
S chr_high 0 chr_mecanico_walk7_7 0.160156 0.116211 0.170898 0.192383 0.43445 0.67882 0.6875 1.2188
S chr_high 0 chr_frentista_walk2_5 0.172363 0.116211 0.184570 0.192383 0.46590 0.65306 0.7812 1.2188
S chr_high 0 chr_frentista_walk6_3 0.186035 0.116211 0.198242 0.192383 0.52004 0.65306 0.7812 1.2188
S chr_high 0 chr_player_walk3_1 0.199707 0.116211 0.209473 0.192383 0.51529 0.62609 0.6250 1.2188
S chr_high 0 chr_player_walk6_6 0.210938 0.116211 0.223145 0.192383 0.52004 0.65306 0.7812 1.2188
S chr_high 0 chr_player_run3_0 0.224609 0.116211 0.234375 0.192383 0.49711 0.57352 0.6250 1.2188
S chr_high 0 chr_homem_polo_walk3_1 0.235840 0.116211 0.246338 0.192383 0.55079 0.67650 0.6719 1.2188
S chr_high 0 chr_vizinho_walk3_5 0.247803 0.116211 0.257812 0.192383 0.43404 0.70752 0.6406 1.2188
S chr_high 0 chr_homem_polo_walk3_4 0.259277 0.116211 0.269287 0.192383 0.49990 0.66699 0.6406 1.2188
S chr_high 0 chr_player_run7_15 0.270752 0.116211 0.282715 0.192383 0.40341 0.57211 0.7656 1.2188
S chr_high 0 chr_player_walk2_10 0.284180 0.116211 0.296387 0.192383 0.46590 0.65306 0.7812 1.2188
S chr_high 0 chr_mecanico_walk6_7 0.297852 0.116211 0.310059 0.192383 0.45504 0.67520 0.7812 1.2188
S chr_high 0 chr_vizinho_walk2_1 0.311523 0.116211 0.323242 0.192383 0.53778 0.69795 0.7500 1.2188
S chr_high 0 chr_vizinho_walk6_7 0.324707 0.116211 0.336426 0.192383 0.45866 0.69795 0.7500 1.2188
S chr_high 0 chr_jovem_moletom_walk6_3 0.337891 0.116211 0.349854 0.192383 0.52004 0.65149 0.7656 1.2188
S chr_high 0 chr_corredor_walk7_7 0.351318 0.116211 0.361572 0.191406 0.44457 0.67197 0.6562 1.2031
S chr_high 0 chr_player_walk7_7 0.363037 0.116211 0.372803 0.191406 0.51529 0.65384 0.6250 1.2031
S chr_high 0 chr_player_walk6_9 0.374268 0.116211 0.385254 0.191406 0.51100 0.64910 0.7031 1.2031
S chr_high 0 chr_corredor_walk3_0 0.386719 0.116211 0.396484 0.191406 0.50244 0.64065 0.6250 1.2031
S chr_high 0 chr_player_walk7_0 0.397949 0.116211 0.407715 0.191406 0.49747 0.63431 0.6250 1.2031
S chr_high 0 chr_corredor_walk3_1 0.409180 0.116211 0.419434 0.191406 0.55296 0.67197 0.6562 1.2031
S chr_high 0 chr_homem_polo_walk7_3 0.420898 0.116211 0.431396 0.191406 0.55079 0.68528 0.6719 1.2031
S chr_high 0 chr_homem_polo_walk3_5 0.432861 0.116211 0.443359 0.191406 0.44283 0.68528 0.6719 1.2031
S chr_high 0 chr_mulher_vestido_walk6_4 0.444824 0.116211 0.453369 0.191406 0.50220 0.62820 0.5469 1.2031
S chr_high 0 chr_atendente_walk6_4 0.454834 0.116211 0.463379 0.191406 0.49680 0.62476 0.5469 1.2031
S chr_high 0 chr_corredor_walk7_0 0.464844 0.116211 0.474854 0.191406 0.49019 0.64065 0.6406 1.2031
S chr_high 0 chr_mecanico_walk7_3 0.476318 0.116211 0.487061 0.191406 0.55283 0.68763 0.6875 1.2031
S chr_high 0 chr_atendente_walk2_4 0.488525 0.116211 0.497070 0.191406 0.49680 0.62476 0.5469 1.2031
S chr_high 0 chr_mecanico_walk7_4 0.498535 0.116211 0.509521 0.191406 0.49526 0.66813 0.7031 1.2031
S chr_high 0 chr_mulher_vestido_walk2_4 0.510986 0.116211 0.519531 0.191406 0.50220 0.62820 0.5469 1.2031
S chr_high 0 chr_player_walk2_7 0.520996 0.116211 0.531982 0.191406 0.47315 0.64910 0.7031 1.2031
S chr_high 0 chr_homem_polo_walk2_0 0.533447 0.116211 0.543457 0.191406 0.49979 0.64846 0.6406 1.2031
S chr_high 0 chr_mecanico_walk3_5 0.544922 0.116211 0.555664 0.191406 0.43445 0.68763 0.6875 1.2031
S chr_high 0 chr_player_walk3_0 0.557129 0.116211 0.566895 0.191406 0.49747 0.63431 0.6250 1.2031
S chr_high 0 chr_mecanico_walk3_4 0.568359 0.116211 0.579346 0.191406 0.49526 0.66813 0.7031 1.2031
S chr_high 0 chr_player_walk3_9 0.580811 0.116211 0.590576 0.191406 0.47106 0.65384 0.6250 1.2031
S chr_high 0 chr_homem_polo_walk6_0 0.592041 0.116211 0.602051 0.191406 0.49979 0.64846 0.6406 1.2031
S chr_high 0 chr_corredor_walk3_5 0.603516 0.116211 0.613770 0.190430 0.44457 0.68082 0.6562 1.1875
S chr_high 0 chr_corredor_walk3_4 0.615234 0.116211 0.625000 0.190430 0.50244 0.67125 0.6250 1.1875
S chr_high 0 chr_player_walk7_14 0.626465 0.116211 0.636719 0.190430 0.44016 0.67408 0.6562 1.1875
S chr_high 0 chr_jovem_moletom_walk7_4 0.638184 0.116211 0.647705 0.190430 0.50002 0.68049 0.6094 1.1875
S chr_high 0 chr_jovem_moletom_walk7_0 0.649170 0.116211 0.658691 0.190430 0.50002 0.64279 0.6094 1.1875
S chr_high 0 chr_corredor_walk2_1 0.660156 0.116211 0.672363 0.190430 0.52524 0.67695 0.7812 1.1875
S chr_high 0 chr_jovem_moletom_walk3_4 0.673828 0.116211 0.683350 0.190430 0.50002 0.68049 0.6094 1.1875
S chr_high 0 chr_frentista_walk7_7 0.684814 0.116211 0.695068 0.190430 0.44016 0.67565 0.6562 1.1875
S chr_high 0 chr_frentista_walk7_4 0.696533 0.116211 0.706299 0.190430 0.49747 0.66531 0.6250 1.1875
S chr_high 0 chr_frentista_walk6_7 0.707764 0.116211 0.719971 0.190430 0.46590 0.67086 0.7812 1.1875
S chr_high 0 chr_frentista_walk3_4 0.721436 0.116211 0.731201 0.190430 0.49747 0.66531 0.6250 1.1875
S chr_high 0 chr_frentista_walk3_1 0.732666 0.116211 0.742920 0.190430 0.54748 0.67565 0.6562 1.1875
S chr_high 0 chr_jovem_moletom_walk3_0 0.744385 0.116211 0.753906 0.190430 0.50002 0.64279 0.6094 1.1875
S chr_high 0 chr_frentista_walk2_1 0.755371 0.116211 0.767578 0.190430 0.52004 0.67086 0.7812 1.1875
S chr_high 0 chr_corredor_walk2_0 0.769043 0.116211 0.779053 0.190430 0.49009 0.64424 0.6406 1.1875
S chr_high 0 chr_player_walk3_8 0.780518 0.116211 0.790283 0.190430 0.49747 0.66460 0.6250 1.1875
S chr_high 0 chr_corredor_walk7_4 0.791748 0.116211 0.801758 0.190430 0.49019 0.67125 0.6406 1.1875
S chr_high 0 chr_player_walk7_8 0.803223 0.116211 0.812988 0.190430 0.49747 0.66460 0.6250 1.1875
S chr_high 0 chr_player_walk2_1 0.814453 0.116211 0.824707 0.190430 0.53164 0.63777 0.6562 1.1875
S chr_high 0 chr_player_walk6_15 0.826172 0.116211 0.836426 0.190430 0.46874 0.63777 0.6562 1.1875
S chr_high 0 chr_corredor_walk7_3 0.837891 0.116211 0.848145 0.190430 0.55296 0.68082 0.6562 1.1875
S chr_high 0 chr_corredor_walk6_7 0.849609 0.116211 0.861816 0.190430 0.47056 0.67695 0.7812 1.1875
S chr_high 0 chr_corredor_walk6_0 0.863281 0.116211 0.873291 0.190430 0.49009 0.64424 0.6406 1.1875
S chr_high 0 chr_player_walk3_2 0.874756 0.116211 0.885010 0.190430 0.54748 0.67408 0.6562 1.1875
S chr_high 0 chr_player_run6_5 0.886475 0.116211 0.908691 0.189453 0.47610 0.73449 1.4219 1.1719
S chr_high 0 chr_player_run1_9 0.910156 0.116211 0.922119 0.189453 0.40341 0.76255 0.7656 1.1719
S chr_high 0 chr_player_run7_5 0.923584 0.116211 0.943848 0.189453 0.54158 0.74574 1.2969 1.1719
S chr_high 0 chr_player_walk6_14 0.945312 0.116211 0.957520 0.189453 0.46590 0.67918 0.7812 1.1719
S chr_high 0 chr_player_run7_1 0.958984 0.116211 0.972168 0.189453 0.52562 0.61863 0.8438 1.1719
S chr_high 0 chr_player_run2_11 0.973633 0.116211 0.995850 0.189453 0.52056 0.73449 1.4219 1.1719
S chr_high 0 chr_player_walk6_0 0.000732 0.199219 0.010498 0.272461 0.49737 0.64636 0.6250 1.1719
S chr_high 0 chr_jovem_moletom_walk3_1 0.011963 0.199219 0.021973 0.272461 0.54962 0.66940 0.6406 1.1719
S chr_high 0 chr_jovem_moletom_walk6_0 0.023438 0.199219 0.032959 0.272461 0.49992 0.64660 0.6094 1.1719
S chr_high 0 chr_player_run3_11 0.034424 0.199219 0.054688 0.272461 0.45792 0.74574 1.2969 1.1719
S chr_high 0 chr_player_run3_15 0.056152 0.199219 0.069336 0.272461 0.47288 0.61863 0.8438 1.1719
S chr_high 0 chr_player_walk2_2 0.070801 0.199219 0.083008 0.272461 0.52004 0.67918 0.7812 1.1719
S chr_high 0 chr_frentista_walk7_3 0.084473 0.199219 0.094727 0.272461 0.54748 0.68306 0.6562 1.1719
S chr_high 0 chr_player_walk2_0 0.096191 0.199219 0.105957 0.272461 0.49737 0.64636 0.6250 1.1719
S chr_high 0 chr_frentista_walk3_5 0.107422 0.199219 0.117676 0.272461 0.44016 0.68306 0.6562 1.1719
S chr_high 0 chr_vizinho_walk1_0 0.119141 0.199219 0.129395 0.272461 0.49122 0.73164 0.6562 1.1719
S chr_high 0 chr_vizinho_walk1_1 0.130859 0.199219 0.140869 0.272461 0.55917 0.73053 0.6406 1.1719
S chr_high 0 chr_player_run5_7 0.142334 0.199219 0.154297 0.272461 0.59427 0.76255 0.7656 1.1719
S chr_high 0 chr_jovem_moletom_walk7_7 0.155762 0.199219 0.165771 0.272461 0.44188 0.66940 0.6406 1.1719
S chr_high 0 chr_vizinho_walk5_7 0.167236 0.199219 0.177246 0.272461 0.43404 0.73053 0.6406 1.1719
S chr_high 0 chr_player_walk3_10 0.178711 0.199219 0.188965 0.272461 0.44016 0.68306 0.6562 1.1719
S chr_high 0 chr_vizinho_walk5_0 0.190430 0.199219 0.200684 0.272461 0.49122 0.73164 0.6562 1.1719
S chr_high 0 chr_player_walk7_6 0.202148 0.199219 0.212402 0.272461 0.54748 0.68306 0.6562 1.1719
S chr_high 0 chr_jovem_moletom_walk2_0 0.213867 0.199219 0.223389 0.272461 0.49992 0.64660 0.6094 1.1719
S chr_high 0 chr_jovem_moletom_walk3_5 0.224854 0.199219 0.234863 0.271484 0.44188 0.69154 0.6406 1.1562
S chr_high 0 chr_player_run1_2 0.236328 0.199219 0.250000 0.271484 0.65895 0.63441 0.8750 1.1562
S chr_high 0 chr_player_run5_14 0.251465 0.199219 0.265137 0.271484 0.34021 0.63441 0.8750 1.1562
S chr_high 0 chr_mecanico_walk1_0 0.266602 0.199219 0.277588 0.271484 0.49526 0.71141 0.7031 1.1562
S chr_high 0 chr_mulher_rosa_walk6_3 0.279053 0.199219 0.293213 0.271484 0.61176 0.64963 0.9062 1.1562
S chr_high 0 chr_player_run2_14 0.294678 0.199219 0.315674 0.271484 0.51403 0.70162 1.3438 1.1562
S chr_high 0 chr_frentista_walk5_0 0.317139 0.199219 0.326904 0.271484 0.49747 0.71141 0.6250 1.1562
S chr_high 0 chr_mulher_rosa_walk3_0 0.328369 0.199219 0.337158 0.271484 0.49880 0.63362 0.5625 1.1562
S chr_high 0 chr_player_run6_2 0.338623 0.199219 0.359619 0.271484 0.47802 0.70162 1.3438 1.1562
S chr_high 0 chr_jovem_moletom_walk7_3 0.361084 0.199219 0.371094 0.271484 0.54962 0.69154 0.6406 1.1562
S chr_high 0 chr_jovem_moletom_walk2_1 0.372559 0.199219 0.384521 0.271484 0.52004 0.67459 0.7656 1.1562
S chr_high 0 chr_frentista_walk1_0 0.385986 0.199219 0.395752 0.271484 0.49747 0.71141 0.6250 1.1562
S chr_high 0 chr_jovem_moletom_walk6_7 0.397217 0.199219 0.409180 0.271484 0.46590 0.67459 0.7656 1.1562
S chr_high 0 chr_mulher_rosa_walk2_5 0.410645 0.199219 0.422119 0.271484 0.48136 0.64963 0.7344 1.1562
S chr_high 0 chr_mulher_rosa_walk7_0 0.423584 0.199219 0.432373 0.271484 0.49880 0.63362 0.5625 1.1562
S chr_high 0 chr_homem_polo_walk5_7 0.433838 0.199219 0.444092 0.271484 0.42621 0.71306 0.6562 1.1562
S chr_high 0 chr_homem_polo_walk1_1 0.445557 0.199219 0.455811 0.271484 0.56391 0.71306 0.6562 1.1562
S chr_high 0 chr_mecanico_walk1_1 0.457275 0.199219 0.468018 0.271484 0.55283 0.71551 0.6875 1.1562
S chr_high 0 chr_mecanico_walk5_0 0.469482 0.199219 0.480469 0.271484 0.49526 0.71141 0.7031 1.1562
S chr_high 0 chr_mecanico_walk5_7 0.481934 0.199219 0.492676 0.271484 0.43445 0.71551 0.6875 1.1562
S chr_high 0 chr_mulher_vestido_walk7_4 0.494141 0.199219 0.502686 0.270508 0.50230 0.66737 0.5469 1.1406
S chr_high 0 chr_mulher_rosa_walk3_4 0.504150 0.199219 0.512939 0.270508 0.49880 0.66937 0.5625 1.1406
S chr_high 0 chr_mulher_vestido_walk6_3 0.514404 0.199219 0.525879 0.270508 0.50988 0.64979 0.7344 1.1406
S chr_high 0 chr_mulher_vestido_walk7_0 0.527344 0.199219 0.535889 0.270508 0.50230 0.63561 0.5469 1.1406
S chr_high 0 chr_player_run5_15 0.537354 0.199219 0.549316 0.270508 0.40341 0.56348 0.7656 1.1406
S chr_high 0 chr_player_run7_14 0.550781 0.199219 0.566650 0.270508 0.43060 0.64310 1.0156 1.1406
S chr_high 0 chr_atendente_walk6_3 0.568115 0.199219 0.579590 0.270508 0.50764 0.64792 0.7344 1.1406
S chr_high 0 chr_corredor_walk1_1 0.581055 0.199219 0.591064 0.270508 0.56644 0.70880 0.6406 1.1406
S chr_high 0 chr_vizinho_walk0_0 0.592529 0.199219 0.602783 0.270508 0.49132 0.75648 0.6562 1.1406
S chr_high 0 chr_vizinho_walk0_7 0.604248 0.199219 0.612061 0.270508 0.49836 0.75534 0.5000 1.1406
S chr_high 0 chr_player_walk7_1 0.613525 0.199219 0.624023 0.270508 0.52481 0.66897 0.6719 1.1406
S chr_high 0 chr_player_run5_1 0.625488 0.199219 0.635498 0.270508 0.58147 0.63558 0.6406 1.1406
S chr_high 0 chr_mulher_rosa_walk7_4 0.636963 0.199219 0.645752 0.270508 0.49880 0.66937 0.5625 1.1406
S chr_high 0 chr_player_run5_10 0.647217 0.199219 0.660645 0.270508 0.37712 0.88353 0.8594 1.1406
S chr_high 0 chr_player_run1_6 0.662109 0.199219 0.675537 0.270508 0.61651 0.88353 0.8594 1.1406
S chr_high 0 chr_vizinho_walk4_1 0.677002 0.199219 0.684814 0.270508 0.49836 0.75534 0.5000 1.1406
S chr_high 0 chr_player_run1_1 0.686279 0.199219 0.698242 0.270508 0.59427 0.56348 0.7656 1.1406
S chr_high 0 chr_vizinho_walk4_0 0.699707 0.199219 0.709961 0.270508 0.49132 0.75648 0.6562 1.1406
S chr_high 0 chr_player_run1_15 0.711426 0.199219 0.721436 0.270508 0.40767 0.63558 0.6406 1.1406
S chr_high 0 chr_mulher_vestido_walk2_5 0.722900 0.199219 0.734375 0.270508 0.47726 0.64979 0.7344 1.1406
S chr_high 0 chr_player_walk6_5 0.735840 0.199219 0.750488 0.270508 0.46271 0.73851 0.9375 1.1406
S chr_high 0 chr_vizinho_walk6_5 0.751953 0.199219 0.766602 0.270508 0.52333 0.75119 0.9375 1.1406
S chr_high 0 chr_player_walk3_15 0.768066 0.199219 0.778564 0.270508 0.47425 0.66897 0.6719 1.1406
S chr_high 0 chr_mulher_vestido_walk3_4 0.780029 0.199219 0.788574 0.270508 0.50230 0.66737 0.5469 1.1406
S chr_high 0 chr_player_walk2_11 0.790039 0.199219 0.804688 0.270508 0.53124 0.73851 0.9375 1.1406
S chr_high 0 chr_vizinho_walk2_3 0.806152 0.199219 0.820801 0.270508 0.47298 0.75119 0.9375 1.1406
S chr_high 0 chr_player_run3_2 0.822266 0.199219 0.838135 0.270508 0.56771 0.64310 1.0156 1.1406
S chr_high 0 chr_atendente_walk3_0 0.839600 0.199219 0.848145 0.270508 0.49690 0.63561 0.5469 1.1406
S chr_high 0 chr_mulher_vestido_walk3_0 0.849609 0.199219 0.858154 0.270508 0.50230 0.63561 0.5469 1.1406
S chr_high 0 chr_atendente_walk2_5 0.859619 0.199219 0.871094 0.270508 0.47818 0.64792 0.7344 1.1406
S chr_high 0 chr_atendente_walk7_0 0.872559 0.199219 0.881104 0.270508 0.49690 0.63561 0.5469 1.1406
S chr_high 0 chr_corredor_walk5_7 0.882568 0.199219 0.892578 0.270508 0.42813 0.70880 0.6406 1.1406
S chr_high 0 chr_player_walk2_15 0.894043 0.199219 0.905029 0.269531 0.51100 0.67320 0.7031 1.1250
S chr_high 0 chr_mulher_rosa_walk7_7 0.906494 0.199219 0.918701 0.269531 0.36016 0.67161 0.7812 1.1250
S chr_high 0 chr_vizinho_walk5_3 0.920166 0.199219 0.930176 0.269531 0.55917 0.76648 0.6406 1.1250
S chr_high 0 chr_frentista_walk1_1 0.931641 0.199219 0.941650 0.269531 0.56083 0.71319 0.6406 1.1250
S chr_high 0 chr_homem_polo_walk2_3 0.943115 0.199219 0.958740 0.269531 0.46992 0.72924 1.0000 1.1250
S chr_high 0 chr_homem_polo_walk0_7 0.960205 0.199219 0.968018 0.269531 0.49509 0.73882 0.5000 1.1250
S chr_high 0 chr_homem_polo_walk1_0 0.969482 0.199219 0.979492 0.269531 0.49990 0.69871 0.6406 1.1250
S chr_high 0 chr_player_walk3_7 0.980957 0.199219 0.991455 0.269531 0.52481 0.69924 0.6719 1.1250
S chr_high 0 chr_homem_polo_walk4_1 0.000732 0.278320 0.008545 0.348633 0.49509 0.73882 0.5000 1.1250
S chr_high 0 chr_player_run1_10 0.010010 0.278320 0.023682 0.348633 0.34021 0.76402 0.8750 1.1250
S chr_high 0 chr_mulher_rosa_walk2_0 0.025146 0.278320 0.033936 0.348633 0.49870 0.64636 0.5625 1.1250
S chr_high 0 chr_homem_polo_walk5_0 0.035400 0.278320 0.045410 0.348633 0.49990 0.69871 0.6406 1.1250
S chr_high 0 chr_player_run1_0 0.046875 0.278320 0.056641 0.348633 0.49711 0.57846 0.6250 1.1250
S chr_high 0 chr_homem_polo_walk6_5 0.058105 0.278320 0.073730 0.348633 0.52057 0.72924 1.0000 1.1250
S chr_high 0 chr_atendente_walk3_4 0.075195 0.278320 0.083740 0.348633 0.49690 0.67296 0.5469 1.1250
S chr_high 0 chr_mecanico_walk4_1 0.085205 0.278320 0.093750 0.348633 0.49221 0.74125 0.5469 1.1250
S chr_high 0 chr_mulher_rosa_walk6_0 0.095215 0.278320 0.104004 0.348633 0.49870 0.64636 0.5625 1.1250
S chr_high 0 chr_mulher_rosa_walk3_1 0.105469 0.278320 0.115479 0.348633 0.53329 0.67161 0.6406 1.1250
S chr_high 0 chr_player_walk6_1 0.116943 0.278320 0.127930 0.348633 0.47315 0.67320 0.7031 1.1250
S chr_high 0 chr_player_walk5_15 0.129395 0.278320 0.139160 0.348633 0.47106 0.67826 0.6250 1.1250
S chr_high 0 chr_player_walk5_14 0.140625 0.278320 0.150635 0.348633 0.42389 0.71152 0.6406 1.1250
S chr_high 0 chr_atendente_walk7_4 0.152100 0.278320 0.160645 0.348633 0.49690 0.67296 0.5469 1.1250
S chr_high 0 chr_mecanico_walk0_7 0.162109 0.278320 0.170654 0.348633 0.49221 0.74125 0.5469 1.1250
S chr_high 0 chr_player_walk1_1 0.172119 0.278320 0.181885 0.348633 0.51529 0.67826 0.6250 1.1250
S chr_high 0 chr_player_walk1_2 0.183350 0.278320 0.193359 0.348633 0.56083 0.71152 0.6406 1.1250
S chr_high 0 chr_player_walk7_9 0.194824 0.278320 0.205322 0.348633 0.47425 0.69924 0.6719 1.1250
S chr_high 0 chr_frentista_walk5_7 0.206787 0.278320 0.216797 0.348633 0.42389 0.71319 0.6406 1.1250
S chr_high 0 chr_player_run5_0 0.218262 0.278320 0.228027 0.348633 0.49711 0.57846 0.6250 1.1250
S chr_high 0 chr_player_run5_6 0.229492 0.278320 0.243164 0.348633 0.65895 0.76402 0.8750 1.1250
S chr_high 0 chr_vizinho_walk1_5 0.244629 0.278320 0.254639 0.348633 0.43404 0.76648 0.6406 1.1250
S chr_high 0 chr_corredor_walk4_1 0.256104 0.278320 0.263672 0.347656 0.50114 0.73468 0.4844 1.1094
S chr_high 0 chr_jovem_moletom_walk5_7 0.265137 0.278320 0.274902 0.347656 0.42580 0.70712 0.6250 1.1094
S chr_high 0 chr_frentista_walk0_0 0.276367 0.278320 0.286133 0.347656 0.49757 0.74660 0.6250 1.1094
S chr_high 0 chr_atendente_walk7_7 0.287598 0.278320 0.297363 0.347656 0.44766 0.67014 0.6250 1.1094
S chr_high 0 chr_mecanico_walk1_5 0.298828 0.278320 0.309570 0.347656 0.43445 0.74574 0.6875 1.1094
S chr_high 0 chr_atendente_walk6_0 0.311035 0.278320 0.319580 0.347656 0.49680 0.64864 0.5469 1.1094
S chr_high 0 chr_mecanico_walk0_0 0.321045 0.278320 0.332031 0.347656 0.49536 0.74660 0.7031 1.1094
S chr_high 0 chr_mecanico_walk2_3 0.333496 0.278320 0.348877 0.347656 0.47210 0.74236 0.9844 1.1094
S chr_high 0 chr_mulher_vestido_walk2_0 0.350342 0.278320 0.358887 0.347656 0.50220 0.64864 0.5469 1.1094
S chr_high 0 chr_mulher_vestido_walk2_1 0.360352 0.278320 0.371826 0.347656 0.50988 0.66810 0.7344 1.1094
S chr_high 0 chr_mecanico_walk4_0 0.373291 0.278320 0.384277 0.347656 0.49536 0.74660 0.7031 1.1094
S chr_high 0 chr_player_walk3_3 0.385742 0.278320 0.399658 0.347656 0.54107 0.76406 0.8906 1.1094
S chr_high 0 chr_atendente_walk3_1 0.401123 0.278320 0.410889 0.347656 0.54308 0.67014 0.6250 1.1094
S chr_high 0 chr_mulher_vestido_walk3_1 0.412354 0.278320 0.422119 0.347656 0.54200 0.67206 0.6250 1.1094
S chr_high 0 chr_player_walk2_3 0.423584 0.278320 0.438232 0.347656 0.46271 0.75931 0.9375 1.1094
S chr_high 0 chr_atendente_walk2_0 0.439697 0.278320 0.448242 0.347656 0.49680 0.64864 0.5469 1.1094
S chr_high 0 chr_mecanico_walk6_5 0.449707 0.278320 0.465088 0.347656 0.52205 0.74236 0.9844 1.1094
S chr_high 0 chr_mulher_vestido_walk6_0 0.466553 0.278320 0.475098 0.347656 0.50220 0.64864 0.5469 1.1094
S chr_high 0 chr_corredor_walk6_5 0.476562 0.278320 0.491699 0.347656 0.52693 0.72516 0.9688 1.1094
S chr_high 0 chr_mulher_vestido_walk7_7 0.493164 0.278320 0.502930 0.347656 0.44659 0.67206 0.6250 1.1094
S chr_high 0 chr_frentista_walk4_0 0.504395 0.278320 0.514160 0.347656 0.49757 0.74660 0.6250 1.1094
S chr_high 0 chr_corredor_walk0_7 0.515625 0.278320 0.523193 0.347656 0.50114 0.73468 0.4844 1.1094
S chr_high 0 chr_mulher_rosa_walk7_3 0.524658 0.278320 0.536865 0.347656 0.63492 0.68107 0.7812 1.1094
S chr_high 0 chr_mulher_rosa_walk6_7 0.538330 0.278320 0.552490 0.347656 0.39007 0.67707 0.9062 1.1094
S chr_high 0 chr_player_walk7_5 0.553955 0.278320 0.567871 0.347656 0.54107 0.76406 0.8906 1.1094
S chr_high 0 chr_corredor_walk1_0 0.569336 0.278320 0.579102 0.347656 0.50244 0.69479 0.6250 1.1094
S chr_high 0 chr_player_run0_7 0.580566 0.278320 0.590332 0.347656 0.56743 0.81651 0.6250 1.1094
S chr_high 0 chr_mulher_rosa_walk2_1 0.591797 0.278320 0.603271 0.347656 0.51751 0.67707 0.7344 1.1094
S chr_high 0 chr_player_run4_9 0.604736 0.278320 0.614502 0.347656 0.41290 0.81651 0.6250 1.1094
S chr_high 0 chr_player_walk6_13 0.615967 0.278320 0.630615 0.347656 0.53124 0.75931 0.9375 1.1094
S chr_high 0 chr_mulher_rosa_walk3_5 0.632080 0.278320 0.642090 0.347656 0.44930 0.68107 0.6406 1.1094
S chr_high 0 chr_player_walk7_13 0.643555 0.278320 0.657471 0.347656 0.44899 0.76406 0.8906 1.1094
S chr_high 0 chr_jovem_moletom_walk1_1 0.658936 0.278320 0.668701 0.347656 0.56336 0.70712 0.6250 1.1094
S chr_high 0 chr_corredor_walk5_0 0.670166 0.278320 0.680176 0.347656 0.49019 0.69479 0.6406 1.1094
S chr_high 0 chr_player_walk3_11 0.681641 0.278320 0.695557 0.347656 0.44899 0.76406 0.8906 1.1094
S chr_high 0 chr_corredor_walk2_3 0.697021 0.278320 0.712158 0.347656 0.47566 0.72516 0.9688 1.1094
S chr_high 0 chr_player_walk1_3 0.713623 0.278320 0.722656 0.346680 0.59606 0.77498 0.5781 1.0938
S chr_high 0 chr_mulher_rosa_walk6_5 0.724121 0.278320 0.738525 0.346680 0.52189 0.73994 0.9219 1.0938
S chr_high 0 chr_vizinho_walk1_4 0.739990 0.278320 0.750244 0.346680 0.49122 0.79192 0.6562 1.0938
S chr_high 0 chr_atendente_walk6_7 0.751709 0.278320 0.763184 0.346680 0.47818 0.67569 0.7344 1.0938
S chr_high 0 chr_vizinho_walk7_5 0.764648 0.278320 0.778809 0.346680 0.46179 0.78838 0.9062 1.0938
S chr_high 0 chr_atendente_walk2_1 0.780273 0.278320 0.791748 0.346680 0.50764 0.67569 0.7344 1.0938
S chr_high 0 chr_jovem_moletom_walk1_0 0.793213 0.278320 0.802734 0.346680 0.50002 0.69789 0.6094 1.0938
S chr_high 0 chr_player_run1_3 0.804199 0.278320 0.817871 0.346680 0.70295 0.73896 0.8750 1.0938
S chr_high 0 chr_player_walk5_13 0.819336 0.278320 0.828369 0.346680 0.39690 0.77498 0.5781 1.0938
S chr_high 0 chr_frentista_walk6_5 0.829834 0.278320 0.844971 0.346680 0.52171 0.72823 0.9688 1.0938
S chr_high 0 chr_mulher_vestido_walk3_5 0.846436 0.278320 0.856201 0.346680 0.44659 0.68207 0.6250 1.0938
S chr_high 0 chr_atendente_walk3_5 0.857666 0.278320 0.867432 0.346680 0.44766 0.67993 0.6250 1.0938
S chr_high 0 chr_mecanico_walk5_3 0.868896 0.278320 0.879639 0.346680 0.55283 0.75640 0.6875 1.0938
S chr_high 0 chr_jovem_moletom_walk5_0 0.881104 0.278320 0.890625 0.346680 0.50002 0.69789 0.6094 1.0938
S chr_high 0 chr_mulher_vestido_walk7_3 0.892090 0.278320 0.901855 0.346680 0.54200 0.68207 0.6250 1.0938
S chr_high 0 chr_mulher_vestido_walk6_7 0.903320 0.278320 0.914795 0.346680 0.47726 0.67764 0.7344 1.0938
S chr_high 0 chr_vizinho_walk5_4 0.916260 0.278320 0.926514 0.346680 0.49122 0.79192 0.6562 1.0938
S chr_high 0 chr_player_walk1_0 0.927979 0.278320 0.937744 0.346680 0.49747 0.69774 0.6250 1.0938
S chr_high 0 chr_player_walk0_14 0.939209 0.278320 0.946777 0.346680 0.49618 0.73780 0.4844 1.0938
S chr_high 0 chr_homem_polo_walk5_3 0.948242 0.278320 0.958496 0.346680 0.56391 0.75381 0.6562 1.0938
S chr_high 0 chr_homem_polo_walk3_7 0.959961 0.278320 0.974854 0.346680 0.46498 0.75420 0.9531 1.0938
S chr_high 0 chr_player_run2_5 0.000732 0.354492 0.025391 0.422852 0.47746 0.87329 1.5781 1.0938
S chr_high 0 chr_player_walk6_10 0.026855 0.354492 0.041992 0.422852 0.52171 0.72823 0.9688 1.0938
S chr_high 0 chr_player_walk4_2 0.043457 0.354492 0.051025 0.422852 0.49617 0.73780 0.4844 1.0938
S chr_high 0 chr_frentista_walk4_1 0.052490 0.354492 0.060059 0.422852 0.49617 0.73877 0.4844 1.0938
S chr_high 0 chr_vizinho_walk2_7 0.061523 0.354492 0.076172 0.422852 0.52333 0.77771 0.9375 1.0938
S chr_high 0 chr_player_run6_11 0.077637 0.354492 0.102295 0.422852 0.51752 0.87329 1.5781 1.0938
S chr_high 0 chr_frentista_walk2_3 0.103760 0.354492 0.118896 0.422852 0.47095 0.72823 0.9688 1.0938
S chr_high 0 chr_homem_polo_walk1_5 0.120361 0.354492 0.130615 0.422852 0.42621 0.75381 0.6562 1.0938
S chr_high 0 chr_vizinho_walk3_3 0.132080 0.354492 0.146240 0.422852 0.52829 0.78838 0.9062 1.0938
S chr_high 0 chr_frentista_walk0_7 0.147705 0.354492 0.155273 0.422852 0.49618 0.73877 0.4844 1.0938
S chr_high 0 chr_vizinho_walk3_7 0.156738 0.354492 0.170898 0.422852 0.46179 0.78271 0.9062 1.0938
S chr_high 0 chr_player_walk2_6 0.172363 0.354492 0.187500 0.422852 0.47095 0.72823 0.9688 1.0938
S chr_high 0 chr_player_walk5_0 0.188965 0.354492 0.198730 0.422852 0.49747 0.69774 0.6250 1.0938
S chr_high 0 chr_vizinho_walk6_1 0.200195 0.354492 0.214844 0.422852 0.47298 0.77771 0.9375 1.0938
S chr_high 0 chr_player_run5_13 0.216309 0.354492 0.229980 0.422852 0.29880 0.73896 0.8750 1.0938
S chr_high 0 chr_atendente_walk7_3 0.231445 0.354492 0.241211 0.422852 0.54308 0.67993 0.6250 1.0938
S chr_high 0 chr_vizinho_walk7_1 0.242676 0.354492 0.256836 0.422852 0.52829 0.78271 0.9062 1.0938
S chr_high 0 chr_homem_polo_walk7_1 0.258301 0.354492 0.273193 0.422852 0.53282 0.75420 0.9531 1.0938
S chr_high 0 chr_player_run2_3 0.274658 0.354492 0.296875 0.421875 0.47610 0.73853 1.4219 1.0781
S chr_high 0 chr_mecanico_walk7_1 0.298340 0.354492 0.312988 0.421875 0.53497 0.76779 0.9375 1.0781
S chr_high 0 chr_homem_polo_walk4_0 0.314453 0.354492 0.324463 0.421875 0.50000 0.73453 0.6406 1.0781
S chr_high 0 chr_jovem_moletom_walk2_3 0.325928 0.354492 0.340820 0.421875 0.46910 0.73647 0.9531 1.0781
S chr_high 0 chr_player_walk0_15 0.342285 0.354492 0.351562 0.421875 0.49515 0.71303 0.5938 1.0781
S chr_high 0 chr_vizinho_walk4_5 0.353027 0.354492 0.360840 0.421875 0.49836 0.80488 0.5000 1.0781
S chr_high 0 chr_jovem_moletom_walk4_1 0.362305 0.354492 0.369873 0.421875 0.51605 0.73352 0.4844 1.0781
S chr_high 0 chr_player_run6_13 0.371338 0.354492 0.393555 0.421875 0.52056 0.73853 1.4219 1.0781
S chr_high 0 chr_mecanico_walk3_7 0.395020 0.354492 0.409668 0.421875 0.46802 0.76779 0.9375 1.0781
S chr_high 0 chr_corredor_walk5_3 0.411133 0.354492 0.421143 0.421875 0.56644 0.74989 0.6406 1.0781
S chr_high 0 chr_player_walk4_3 0.422607 0.354492 0.429932 0.421875 0.66429 0.79290 0.4688 1.0781
S chr_high 0 chr_jovem_moletom_walk0_7 0.431396 0.354492 0.438965 0.421875 0.48625 0.73352 0.4844 1.0781
S chr_high 0 chr_player_walk4_1 0.440430 0.354492 0.449707 0.421875 0.49515 0.71303 0.5938 1.0781
S chr_high 0 chr_homem_polo_walk7_5 0.451172 0.354492 0.466064 0.421875 0.46498 0.76513 0.9531 1.0781
S chr_high 0 chr_jovem_moletom_walk6_5 0.467529 0.354492 0.482422 0.421875 0.51966 0.73647 0.9531 1.0781
S chr_high 0 chr_vizinho_walk0_3 0.483887 0.354492 0.491699 0.421875 0.49836 0.80488 0.5000 1.0781
S chr_high 0 chr_player_run4_10 0.493164 0.354492 0.502441 0.421875 0.31214 0.80856 0.5938 1.0781
S chr_high 0 chr_homem_polo_walk2_7 0.503906 0.354492 0.519531 0.421875 0.52057 0.76095 1.0000 1.0781
S chr_high 0 chr_homem_polo_walk6_1 0.520996 0.354492 0.536621 0.421875 0.46992 0.76095 1.0000 1.0781
S chr_high 0 chr_player_run4_11 0.538086 0.354492 0.547607 0.421875 0.24150 0.82088 0.6094 1.0781
S chr_high 0 chr_player_run1_11 0.549072 0.354492 0.562744 0.421875 0.29880 0.81058 0.8750 1.0781
S chr_high 0 chr_player_run0_5 0.564209 0.354492 0.573730 0.421875 0.75101 0.82088 0.6094 1.0781
S chr_high 0 chr_player_run0_6 0.575195 0.354492 0.584473 0.421875 0.68606 0.80856 0.5938 1.0781
S chr_high 0 chr_vizinho_idle0_5 0.585938 0.354492 0.593750 0.421875 0.49836 0.80234 0.5000 1.0781
S chr_high 0 chr_homem_polo_walk3_3 0.595215 0.354492 0.610107 0.421875 0.53282 0.76513 0.9531 1.0781
S chr_high 0 chr_corredor_walk1_5 0.611572 0.354492 0.621582 0.421875 0.42813 0.74989 0.6406 1.0781
S chr_high 0 chr_homem_polo_walk0_0 0.623047 0.354492 0.633057 0.421875 0.50000 0.73453 0.6406 1.0781
S chr_high 0 chr_player_run4_8 0.634521 0.354492 0.644287 0.421875 0.49757 0.85143 0.6250 1.0781
S chr_high 0 chr_player_run5_5 0.645752 0.354492 0.659424 0.421875 0.70295 0.81058 0.8750 1.0781
S chr_high 0 chr_player_run0_8 0.660889 0.354492 0.670654 0.421875 0.49757 0.85143 0.6250 1.0781
S chr_high 0 chr_vizinho_idle0_3 0.672119 0.354492 0.679932 0.421875 0.49836 0.80234 0.5000 1.0781
S chr_high 0 chr_mecanico_idle0_6 0.681396 0.354492 0.686768 0.420898 0.54545 0.85203 0.3438 1.0625
S chr_high 0 chr_corredor_walk2_7 0.688232 0.354492 0.703369 0.420898 0.52693 0.75715 0.9688 1.0625
S chr_high 0 chr_mecanico_walk0_2 0.704834 0.354492 0.713379 0.420898 0.65410 0.85471 0.5469 1.0625
S chr_high 0 chr_corredor_walk3_7 0.714844 0.354492 0.729492 0.420898 0.46355 0.76130 0.9375 1.0625
S chr_high 0 chr_mulher_rosa_walk5_7 0.730957 0.354492 0.742676 0.420898 0.33023 0.71112 0.7500 1.0625
S chr_high 0 chr_player_walk7_2 0.744141 0.354492 0.758545 0.420898 0.53484 0.75377 0.9219 1.0625
S chr_high 0 chr_player_run1_14 0.760010 0.354492 0.773438 0.420898 0.37712 0.72360 0.8594 1.0625
S chr_high 0 chr_jovem_moletom_walk1_5 0.774902 0.354492 0.784668 0.420898 0.42580 0.75255 0.6250 1.0625
S chr_high 0 chr_mecanico_walk3_3 0.786133 0.354492 0.800781 0.420898 0.53497 0.77908 0.9375 1.0625
S chr_high 0 chr_mecanico_idle0_2 0.802246 0.354492 0.807617 0.420898 0.42356 0.85203 0.3438 1.0625
S chr_high 0 chr_corredor_walk4_0 0.809082 0.354492 0.818848 0.420898 0.50255 0.73085 0.6250 1.0625
S chr_high 0 chr_mecanico_walk2_7 0.820312 0.354492 0.835693 0.420898 0.52205 0.77511 0.9844 1.0625
S chr_high 0 chr_homem_polo_walk5_4 0.837158 0.354492 0.847168 0.420898 0.49990 0.76508 0.6406 1.0625
S chr_high 0 chr_mecanico_walk7_5 0.848633 0.354492 0.863281 0.420898 0.46802 0.77908 0.9375 1.0625
S chr_high 0 chr_corredor_walk0_0 0.864746 0.354492 0.874512 0.420898 0.50255 0.73085 0.6250 1.0625
S chr_high 0 chr_player_walk3_14 0.875977 0.354492 0.890381 0.420898 0.46674 0.75377 0.9219 1.0625
S chr_high 0 chr_homem_polo_walk1_4 0.891846 0.354492 0.901855 0.420898 0.49990 0.76508 0.6406 1.0625
S chr_high 0 chr_frentista_walk1_5 0.903320 0.354492 0.913330 0.420898 0.42389 0.75338 0.6406 1.0625
S chr_high 0 chr_corredor_walk6_1 0.914795 0.354492 0.929932 0.420898 0.47566 0.75715 0.9688 1.0625
S chr_high 0 chr_frentista_walk3_7 0.931396 0.354492 0.945801 0.420898 0.46674 0.75514 0.9219 1.0625
S chr_high 0 chr_player_run5_2 0.947266 0.354492 0.960693 0.420898 0.61651 0.72360 0.8594 1.0625
S chr_high 0 chr_frentista_walk5_3 0.962158 0.354492 0.972168 0.420898 0.56083 0.75338 0.6406 1.0625
S chr_high 0 chr_jovem_moletom_walk5_3 0.973633 0.354492 0.983398 0.420898 0.56336 0.75255 0.6250 1.0625
S chr_high 0 chr_player_walk5_7 0.984863 0.354492 0.994629 0.420898 0.51529 0.74037 0.6250 1.0625
S chr_high 0 chr_player_walk1_11 0.000732 0.428711 0.009766 0.495117 0.39690 0.79777 0.5781 1.0625
S chr_high 0 chr_player_walk1_10 0.011230 0.428711 0.021240 0.495117 0.42389 0.75338 0.6406 1.0625
S chr_high 0 chr_player_walk1_9 0.022705 0.428711 0.032471 0.495117 0.47106 0.74037 0.6250 1.0625
S chr_high 0 chr_frentista_walk7_1 0.033936 0.428711 0.048340 0.495117 0.53484 0.75514 0.9219 1.0625
S chr_high 0 chr_player_walk0_13 0.049805 0.428711 0.057129 0.495117 0.34099 0.80456 0.4688 1.0625
S chr_high 0 chr_player_walk5_6 0.058594 0.428711 0.068604 0.495117 0.56083 0.75338 0.6406 1.0625
S chr_high 0 chr_mecanico_walk6_1 0.070068 0.428711 0.085449 0.495117 0.47210 0.77511 0.9844 1.0625
S chr_high 0 chr_corredor_walk7_1 0.086914 0.428711 0.101562 0.495117 0.53118 0.76130 0.9375 1.0625
S chr_high 0 chr_mulher_rosa_walk1_1 0.103027 0.428711 0.112793 0.495117 0.53590 0.71112 0.6250 1.0625
S chr_high 0 chr_mecanico_walk4_6 0.114258 0.428711 0.122803 0.495117 0.34286 0.85471 0.5469 1.0625
S chr_high 0 chr_player_walk5_5 0.124268 0.428711 0.133301 0.495117 0.59606 0.79777 0.5781 1.0625
S chr_high 0 chr_homem_polo_walk0_3 0.134766 0.428711 0.142578 0.494141 0.49509 0.79396 0.5000 1.0469
S chr_high 0 chr_mecanico_walk0_6 0.144043 0.428711 0.152588 0.494141 0.34286 0.86746 0.5469 1.0469
S chr_high 0 chr_mecanico_walk4_5 0.154053 0.428711 0.162598 0.494141 0.49221 0.79657 0.5469 1.0469
S chr_high 0 chr_jovem_moletom_walk0_0 0.164062 0.428711 0.173584 0.494141 0.50012 0.73447 0.6094 1.0469
S chr_high 0 chr_mecanico_walk0_3 0.175049 0.428711 0.183594 0.494141 0.49221 0.79657 0.5469 1.0469
S chr_high 0 chr_mecanico_walk4_2 0.185059 0.428711 0.193604 0.494141 0.65410 0.86746 0.5469 1.0469
S chr_high 0 chr_homem_polo_walk0_2 0.195068 0.428711 0.203857 0.494141 0.65501 0.85915 0.5625 1.0469
S chr_high 0 chr_homem_polo_idle0_6 0.205322 0.428711 0.210449 0.494141 0.58857 0.85635 0.3281 1.0469
S chr_high 0 chr_vizinho_walk5_1 0.211914 0.428711 0.222412 0.494141 0.55239 0.81776 0.6719 1.0469
S chr_high 0 chr_homem_polo_idle0_5 0.223877 0.428711 0.231689 0.494141 0.49509 0.79116 0.5000 1.0469
S chr_high 0 chr_homem_polo_idle0_3 0.233154 0.428711 0.240967 0.494141 0.49509 0.79116 0.5000 1.0469
S chr_high 0 chr_homem_polo_idle0_2 0.242432 0.428711 0.247559 0.494141 0.40808 0.85635 0.3281 1.0469
S chr_high 0 chr_mecanico_walk5_4 0.249023 0.428711 0.260010 0.494141 0.49526 0.76785 0.7031 1.0469
S chr_high 0 chr_vizinho_walk1_7 0.261475 0.428711 0.271973 0.494141 0.43651 0.81776 0.6719 1.0469
S chr_high 0 chr_mulher_rosa_walk1_0 0.273438 0.428711 0.282227 0.494141 0.49880 0.69982 0.5625 1.0469
S chr_high 0 chr_jovem_moletom_walk1_4 0.283691 0.428711 0.293213 0.494141 0.50002 0.77190 0.6094 1.0469
S chr_high 0 chr_jovem_moletom_walk3_7 0.294678 0.428711 0.308838 0.494141 0.46530 0.74972 0.9062 1.0469
S chr_high 0 chr_jovem_moletom_walk4_0 0.310303 0.428711 0.319824 0.494141 0.50012 0.73447 0.6094 1.0469
S chr_high 0 chr_mulher_vestido_walk5_7 0.321289 0.428711 0.330322 0.494141 0.42023 0.71218 0.5781 1.0469
S chr_high 0 chr_mecanico_walk7_2 0.331787 0.428711 0.347412 0.494141 0.54225 0.86156 1.0000 1.0469
S chr_high 0 chr_homem_polo_walk4_6 0.348877 0.428711 0.357666 0.494141 0.34333 0.85915 0.5625 1.0469
S chr_high 0 chr_homem_polo_walk4_5 0.359131 0.428711 0.366943 0.494141 0.49509 0.79396 0.5000 1.0469
S chr_high 0 chr_mecanico_walk3_6 0.368408 0.428711 0.384033 0.494141 0.45816 0.86156 1.0000 1.0469
S chr_high 0 chr_mecanico_walk1_2 0.385498 0.428711 0.395996 0.494141 0.57117 0.86156 0.6719 1.0469
S chr_high 0 chr_mecanico_walk5_6 0.397461 0.428711 0.407959 0.494141 0.41311 0.86156 0.6719 1.0469
S chr_high 0 chr_mecanico_walk1_6 0.409424 0.428711 0.419922 0.494141 0.41311 0.86156 0.6719 1.0469
S chr_high 0 chr_mulher_rosa_walk2_3 0.421387 0.428711 0.435791 0.494141 0.47069 0.71800 0.9219 1.0469
S chr_high 0 chr_mulher_rosa_walk5_0 0.437256 0.428711 0.446045 0.494141 0.49880 0.69982 0.5625 1.0469
S chr_high 0 chr_jovem_moletom_walk5_4 0.447510 0.428711 0.457031 0.494141 0.50002 0.77190 0.6094 1.0469
S chr_high 0 chr_mecanico_walk1_4 0.458496 0.428711 0.469482 0.494141 0.49526 0.76785 0.7031 1.0469
S chr_high 0 chr_mecanico_walk5_2 0.470947 0.428711 0.481445 0.494141 0.57117 0.86156 0.6719 1.0469
S chr_high 0 chr_player_idle0_11 0.482910 0.428711 0.489014 0.494141 0.57267 0.81385 0.3906 1.0469
S chr_high 0 chr_frentista_walk2_7 0.490479 0.428711 0.505615 0.494141 0.52171 0.76097 0.9688 1.0469
S chr_high 0 chr_mulher_vestido_walk1_0 0.507080 0.428711 0.515625 0.494141 0.50230 0.69253 0.5469 1.0469
S chr_high 0 chr_mulher_vestido_walk1_1 0.517090 0.428711 0.526123 0.494141 0.57046 0.71218 0.5781 1.0469
S chr_high 0 chr_atendente_walk5_0 0.527588 0.428711 0.536133 0.494141 0.49690 0.69253 0.5469 1.0469
S chr_high 0 chr_player_run3_14 0.537598 0.428711 0.557129 0.494141 0.46300 0.73440 1.2500 1.0469
S chr_high 0 chr_corredor_walk7_5 0.558594 0.428711 0.573242 0.494141 0.46355 0.77267 0.9375 1.0469
S chr_high 0 chr_frentista_walk3_3 0.574707 0.428711 0.589111 0.494141 0.53484 0.76502 0.9219 1.0469
S chr_high 0 chr_player_walk5_1 0.590576 0.428711 0.599854 0.494141 0.49389 0.72888 0.5938 1.0469
S chr_high 0 chr_mulher_vestido_walk5_0 0.601318 0.428711 0.609863 0.494141 0.50230 0.69253 0.5469 1.0469
S chr_high 0 chr_player_run4_2 0.611328 0.428711 0.620605 0.494141 0.68606 0.71225 0.5938 1.0469
S chr_high 0 chr_player_walk1_15 0.622070 0.428711 0.631348 0.494141 0.49389 0.72888 0.5938 1.0469
S chr_high 0 chr_player_walk7_10 0.632812 0.428711 0.647217 0.494141 0.46674 0.76502 0.9219 1.0469
S chr_high 0 chr_player_run0_14 0.648682 0.428711 0.657959 0.494141 0.31214 0.71225 0.5938 1.0469
S chr_high 0 chr_player_walk0_0 0.659424 0.428711 0.669189 0.494141 0.49757 0.73442 0.6250 1.0469
S chr_high 0 chr_corredor_walk3_3 0.670654 0.428711 0.685303 0.494141 0.53118 0.77267 0.9375 1.0469
S chr_high 0 chr_atendente_walk1_0 0.686768 0.428711 0.695312 0.494141 0.49690 0.69253 0.5469 1.0469
S chr_high 0 chr_atendente_walk1_1 0.696777 0.428711 0.705811 0.494141 0.56762 0.71015 0.5781 1.0469
S chr_high 0 chr_player_run7_2 0.707275 0.428711 0.726807 0.494141 0.52891 0.73440 1.2500 1.0469
S chr_high 0 chr_player_walk2_14 0.728271 0.428711 0.743408 0.494141 0.52171 0.76084 0.9688 1.0469
S chr_high 0 chr_player_walk3_6 0.744873 0.428711 0.759277 0.494141 0.53484 0.76502 0.9219 1.0469
S chr_high 0 chr_mecanico_idle0_5 0.760742 0.428711 0.769287 0.494141 0.49221 0.79385 0.5469 1.0469
S chr_high 0 chr_atendente_walk5_7 0.770752 0.428711 0.779785 0.494141 0.41652 0.71015 0.5781 1.0469
S chr_high 0 chr_mecanico_idle0_3 0.781250 0.428711 0.789795 0.494141 0.49221 0.79385 0.5469 1.0469
S chr_high 0 chr_player_idle0_5 0.791260 0.428711 0.797363 0.494141 0.41714 0.81385 0.3906 1.0469
S chr_high 0 chr_frentista_walk6_1 0.798828 0.428711 0.813965 0.494141 0.47095 0.76097 0.9688 1.0469
S chr_high 0 chr_player_walk0_5 0.815430 0.428711 0.822754 0.494141 0.66429 0.81657 0.4688 1.0469
S chr_high 0 chr_player_walk4_0 0.824219 0.428711 0.833984 0.494141 0.49757 0.73442 0.6250 1.0469
S chr_high 0 chr_player_walk4_11 0.835449 0.428711 0.842773 0.494141 0.34099 0.81657 0.4688 1.0469
S chr_high 0 chr_player_walk6_2 0.844238 0.428711 0.859375 0.494141 0.47095 0.76084 0.9688 1.0469
S chr_high 0 chr_frentista_walk7_5 0.860840 0.428711 0.875244 0.494141 0.46674 0.76502 0.9219 1.0469
S chr_high 0 chr_mulher_rosa_walk4_1 0.876709 0.428711 0.883545 0.493164 0.49761 0.73867 0.4375 1.0312
S chr_high 0 chr_homem_polo_walk3_6 0.885010 0.428711 0.901123 0.493164 0.45760 0.86605 1.0312 1.0312
S chr_high 0 chr_corredor_walk0_3 0.902588 0.428711 0.910156 0.493164 0.50114 0.79034 0.4844 1.0312
S chr_high 0 chr_vizinho_walk0_1 0.911621 0.428711 0.921143 0.493164 0.58007 0.83545 0.6094 1.0312
S chr_high 0 chr_vizinho_idle0_7 0.922607 0.428711 0.930420 0.493164 0.49836 0.83280 0.5000 1.0312
S chr_high 0 chr_corredor_walk0_2 0.931885 0.428711 0.940674 0.493164 0.64229 0.85524 0.5625 1.0312
S chr_high 0 chr_frentista_walk5_4 0.942139 0.428711 0.951904 0.493164 0.49747 0.76611 0.6250 1.0312
S chr_high 0 chr_vizinho_idle0_1 0.953369 0.428711 0.961182 0.493164 0.49836 0.83280 0.5000 1.0312
S chr_high 0 chr_jovem_moletom_walk3_3 0.962646 0.428711 0.976807 0.493164 0.53318 0.77536 0.9062 1.0312
S chr_high 0 chr_vizinho_idle0_4 0.978271 0.428711 0.988525 0.493164 0.49132 0.84257 0.6562 1.0312
S chr_high 0 chr_homem_polo_walk1_6 0.000732 0.500977 0.011475 0.565430 0.41584 0.86605 0.6875 1.0312
S chr_high 0 chr_corredor_idle0_5 0.012939 0.500977 0.020508 0.565430 0.50114 0.78755 0.4844 1.0312
S chr_high 0 chr_homem_polo_walk0_6 0.021973 0.500977 0.030762 0.565430 0.34333 0.87217 0.5625 1.0312
S chr_high 0 chr_corredor_idle0_6 0.032227 0.500977 0.037354 0.565430 0.57714 0.85245 0.3281 1.0312
S chr_high 0 chr_vizinho_walk4_4 0.038818 0.500977 0.049072 0.565430 0.49132 0.84522 0.6562 1.0312
S chr_high 0 chr_corredor_idle0_3 0.050537 0.500977 0.058105 0.565430 0.50114 0.78755 0.4844 1.0312
S chr_high 0 chr_frentista_walk1_4 0.059570 0.500977 0.069336 0.565430 0.49747 0.76611 0.6250 1.0312
S chr_high 0 chr_homem_polo_walk1_2 0.070801 0.500977 0.081543 0.565430 0.57494 0.86605 0.6875 1.0312
S chr_high 0 chr_corredor_walk4_5 0.083008 0.500977 0.090576 0.565430 0.50114 0.79034 0.4844 1.0312
S chr_high 0 chr_vizinho_walk0_4 0.092041 0.500977 0.102295 0.565430 0.49132 0.84522 0.6562 1.0312
S chr_high 0 chr_homem_polo_walk1_7 0.103760 0.500977 0.114746 0.565430 0.43924 0.79991 0.7031 1.0312
S chr_high 0 chr_corredor_idle0_2 0.116211 0.500977 0.121338 0.565430 0.40015 0.85245 0.3281 1.0312
S chr_high 0 chr_corredor_walk5_4 0.122803 0.500977 0.132812 0.565430 0.49019 0.77296 0.6406 1.0312
S chr_high 0 chr_vizinho_walk4_7 0.134277 0.500977 0.143799 0.565430 0.40891 0.83545 0.6094 1.0312
S chr_high 0 chr_jovem_moletom_walk2_7 0.145264 0.500977 0.160156 0.565430 0.51966 0.75692 0.9531 1.0312
S chr_high 0 chr_player_walk1_8 0.161621 0.500977 0.171387 0.565430 0.49747 0.76530 0.6250 1.0312
S chr_high 0 chr_jovem_moletom_walk6_1 0.172852 0.500977 0.187744 0.565430 0.46910 0.75692 0.9531 1.0312
S chr_high 0 chr_homem_polo_walk4_2 0.189209 0.500977 0.197998 0.565430 0.65501 0.87217 0.5625 1.0312
S chr_high 0 chr_jovem_moletom_walk7_1 0.199463 0.500977 0.213623 0.565430 0.53318 0.76107 0.9062 1.0312
S chr_high 0 chr_corredor_walk4_6 0.215088 0.500977 0.223877 0.565430 0.33667 0.85524 0.5625 1.0312
S chr_high 0 chr_player_walk5_8 0.225342 0.500977 0.235107 0.565430 0.49747 0.76530 0.6250 1.0312
S chr_high 0 chr_jovem_moletom_walk7_5 0.236572 0.500977 0.250732 0.565430 0.46530 0.77536 0.9062 1.0312
S chr_high 0 chr_atendente_walk6_5 0.252197 0.500977 0.266357 0.565430 0.52388 0.71713 0.9062 1.0312
S chr_high 0 chr_homem_polo_walk7_2 0.267822 0.500977 0.283936 0.565430 0.54159 0.86605 1.0312 1.0312
S chr_high 0 chr_mecanico_walk2_2 0.285400 0.500977 0.302002 0.565430 0.46139 0.86863 1.0625 1.0312
S chr_high 0 chr_mulher_rosa_walk0_7 0.303467 0.500977 0.312256 0.565430 0.38556 0.73867 0.5625 1.0312
S chr_high 0 chr_player_run4_7 0.313721 0.500977 0.323486 0.565430 0.56743 0.87836 0.6250 1.0312
S chr_high 0 chr_player_run0_9 0.324951 0.500977 0.334717 0.565430 0.41290 0.87836 0.6250 1.0312
S chr_high 0 chr_mecanico_walk2_6 0.336182 0.500977 0.352783 0.565430 0.53007 0.86863 1.0625 1.0312
S chr_high 0 chr_mulher_vestido_walk2_3 0.354248 0.500977 0.368408 0.565430 0.47307 0.71921 0.9062 1.0312
S chr_high 0 chr_atendente_walk2_3 0.369873 0.500977 0.384033 0.565430 0.47233 0.71713 0.9062 1.0312
S chr_high 0 chr_homem_polo_walk5_6 0.385498 0.500977 0.396240 0.565430 0.41584 0.86605 0.6875 1.0312
S chr_high 0 chr_corredor_walk1_4 0.397705 0.500977 0.407471 0.565430 0.50244 0.77296 0.6250 1.0312
S chr_high 0 chr_mulher_vestido_walk6_5 0.408936 0.500977 0.423096 0.565430 0.52462 0.71921 0.9062 1.0312
S chr_high 0 chr_player_run3_5 0.424561 0.500977 0.447266 0.565430 0.53601 0.86770 1.4531 1.0312
S chr_high 0 chr_mecanico_walk6_6 0.448730 0.500977 0.465332 0.565430 0.53007 0.86863 1.0625 1.0312
S chr_high 0 chr_player_run7_11 0.466797 0.500977 0.489502 0.565430 0.46136 0.86770 1.4531 1.0312
S chr_high 0 chr_homem_polo_walk5_2 0.490967 0.500977 0.501709 0.565430 0.57494 0.86605 0.6875 1.0312
S chr_high 0 chr_mecanico_walk6_2 0.503174 0.500977 0.519775 0.565430 0.46139 0.86863 1.0625 1.0312
S chr_high 0 chr_homem_polo_walk5_1 0.521240 0.500977 0.532227 0.565430 0.55804 0.79991 0.7031 1.0312
S chr_high 0 chr_player_walk4_13 0.533691 0.500977 0.543213 0.564453 0.36710 0.84169 0.6094 1.0156
S chr_high 0 chr_mulher_rosa_walk1_5 0.544678 0.500977 0.554443 0.564453 0.46053 0.74394 0.6250 1.0156
S chr_high 0 chr_player_run7_13 0.555908 0.500977 0.576172 0.564453 0.45792 0.79580 1.2969 1.0156
S chr_high 0 chr_player_run4_1 0.577637 0.500977 0.587402 0.564453 0.56743 0.64562 0.6250 1.0156
S chr_high 0 chr_mulher_rosa_walk0_0 0.588867 0.500977 0.597656 0.564453 0.49890 0.72674 0.5625 1.0156
S chr_high 0 chr_player_walk4_10 0.599121 0.500977 0.606689 0.564453 0.49617 0.79455 0.4844 1.0156
S chr_high 0 chr_player_run0_15 0.608154 0.500977 0.617920 0.564453 0.41290 0.64562 0.6250 1.0156
S chr_high 0 chr_jovem_moletom_walk4_5 0.619385 0.500977 0.626953 0.564453 0.48625 0.79278 0.4844 1.0156
S chr_high 0 chr_player_walk4_12 0.628418 0.500977 0.636963 0.564453 0.34286 0.85980 0.5469 1.0156
S chr_high 0 chr_frentista_idle0_2 0.638428 0.500977 0.643555 0.564453 0.39619 0.85699 0.3281 1.0156
S chr_high 0 chr_corredor_walk1_2 0.645020 0.500977 0.655518 0.564453 0.57688 0.86230 0.6719 1.0156
S chr_high 0 chr_player_run4_12 0.656982 0.500977 0.667969 0.564453 0.26667 0.85908 0.7031 1.0156
S chr_high 0 chr_corredor_walk1_7 0.669434 0.500977 0.680176 0.564453 0.44050 0.79644 0.6875 1.0156
S chr_high 0 chr_vizinho_walk4_6 0.681641 0.500977 0.690674 0.564453 0.39023 0.85390 0.5781 1.0156
S chr_high 0 chr_player_walk4_15 0.692139 0.500977 0.701416 0.564453 0.49515 0.75691 0.5938 1.0156
S chr_high 0 chr_corredor_walk1_6 0.702881 0.500977 0.713379 0.564453 0.41724 0.86230 0.6719 1.0156
S chr_high 0 chr_corredor_walk5_1 0.714844 0.500977 0.725586 0.564453 0.55964 0.79644 0.6875 1.0156
S chr_high 0 chr_frentista_idle0_6 0.727051 0.500977 0.732178 0.564453 0.57143 0.85699 0.3281 1.0156
S chr_high 0 chr_frentista_idle0_5 0.733643 0.500977 0.741211 0.564453 0.49617 0.79175 0.4844 1.0156
S chr_high 0 chr_frentista_idle0_3 0.742676 0.500977 0.750244 0.564453 0.49617 0.79175 0.4844 1.0156
S chr_high 0 chr_corredor_walk5_2 0.751709 0.500977 0.762207 0.564453 0.57688 0.86230 0.6719 1.0156
S chr_high 0 chr_jovem_moletom_walk0_3 0.763672 0.500977 0.771240 0.564453 0.51605 0.79278 0.4844 1.0156
S chr_high 0 chr_homem_polo_walk6_6 0.772705 0.500977 0.789795 0.564453 0.53037 0.87317 1.0938 1.0156
S chr_high 0 chr_frentista_walk0_2 0.791260 0.500977 0.799805 0.564453 0.65410 0.85980 0.5469 1.0156
S chr_high 0 chr_corredor_walk7_2 0.801270 0.500977 0.817139 0.564453 0.53924 0.86230 1.0156 1.0156
S chr_high 0 chr_mecanico_walk5_1 0.818604 0.500977 0.829590 0.564453 0.55386 0.81504 0.7031 1.0156
S chr_high 0 chr_player_walk0_1 0.831055 0.500977 0.840332 0.564453 0.49515 0.75691 0.5938 1.0156
S chr_high 0 chr_jovem_moletom_idle0_5 0.841797 0.500977 0.849365 0.564453 0.48625 0.79003 0.4844 1.0156
S chr_high 0 chr_player_idle0_13 0.850830 0.500977 0.856934 0.564453 0.57267 0.83889 0.3906 1.0156
S chr_high 0 chr_player_idle0_12 0.858398 0.500977 0.863525 0.564453 0.57143 0.85699 0.3281 1.0156
S chr_high 0 chr_homem_polo_walk6_2 0.864990 0.500977 0.882080 0.564453 0.46165 0.87317 1.0938 1.0156
S chr_high 0 chr_player_idle0_10 0.883545 0.500977 0.891113 0.564453 0.49617 0.79175 0.4844 1.0156
S chr_high 0 chr_atendente_walk4_1 0.892578 0.500977 0.899414 0.564453 0.49245 0.73802 0.4375 1.0156
S chr_high 0 chr_atendente_walk0_7 0.900879 0.500977 0.907715 0.564453 0.48012 0.73802 0.4375 1.0156
S chr_high 0 chr_mecanico_walk3_2 0.909180 0.500977 0.924805 0.564453 0.54225 0.88807 1.0000 1.0156
S chr_high 0 chr_player_idle0_6 0.926270 0.500977 0.933838 0.564453 0.49617 0.79175 0.4844 1.0156
S chr_high 0 chr_mulher_vestido_walk0_7 0.935303 0.500977 0.942139 0.564453 0.48534 0.74012 0.4375 1.0156
S chr_high 0 chr_mecanico_walk1_7 0.943604 0.500977 0.954590 0.564453 0.43851 0.81504 0.7031 1.0156
S chr_high 0 chr_player_idle0_4 0.956055 0.500977 0.961182 0.564453 0.39619 0.85699 0.3281 1.0156
S chr_high 0 chr_player_idle0_3 0.962646 0.500977 0.968750 0.564453 0.41714 0.83889 0.3906 1.0156
S chr_high 0 chr_mulher_rosa_walk3_7 0.970215 0.500977 0.984131 0.564453 0.45922 0.74430 0.8906 1.0156
S chr_high 0 chr_jovem_moletom_idle0_3 0.985596 0.500977 0.993164 0.564453 0.51605 0.79003 0.4844 1.0156
S chr_high 0 chr_mecanico_idle0_1 0.000732 0.571289 0.009277 0.634766 0.49221 0.81828 0.5469 1.0156
S chr_high 0 chr_player_run0_4 0.010742 0.571289 0.021729 0.634766 0.73284 0.85908 0.7031 1.0156
S chr_high 0 chr_vizinho_walk0_2 0.023193 0.571289 0.032227 0.634766 0.59400 0.85390 0.5781 1.0156
S chr_high 0 chr_frentista_walk0_3 0.033691 0.571289 0.041260 0.634766 0.49617 0.79455 0.4844 1.0156
S chr_high 0 chr_corredor_walk5_6 0.042725 0.571289 0.053223 0.634766 0.41724 0.86230 0.6719 1.0156
S chr_high 0 chr_player_run3_3 0.054688 0.571289 0.074951 0.634766 0.54158 0.79580 1.2969 1.0156
S chr_high 0 chr_homem_polo_walk2_2 0.076416 0.571289 0.093506 0.634766 0.46165 0.87317 1.0938 1.0156
S chr_high 0 chr_homem_polo_walk2_6 0.094971 0.571289 0.112061 0.634766 0.53037 0.87317 1.0938 1.0156
S chr_high 0 chr_frentista_walk4_5 0.113525 0.571289 0.121094 0.634766 0.49617 0.79455 0.4844 1.0156
S chr_high 0 chr_frentista_walk4_6 0.122559 0.571289 0.131104 0.634766 0.34286 0.85980 0.5469 1.0156
S chr_high 0 chr_mulher_vestido_walk4_1 0.132568 0.571289 0.139404 0.634766 0.49092 0.74012 0.4375 1.0156
S chr_high 0 chr_vizinho_idle0_6 0.140869 0.571289 0.148193 0.634766 0.48128 0.85121 0.4688 1.0156
S chr_high 0 chr_vizinho_idle0_2 0.149658 0.571289 0.156982 0.634766 0.50176 0.85121 0.4688 1.0156
S chr_high 0 chr_mecanico_walk7_6 0.158447 0.571289 0.174072 0.634766 0.45816 0.88807 1.0000 1.0156
S chr_high 0 chr_player_walk0_6 0.175537 0.571289 0.183105 0.634766 0.49617 0.79455 0.4844 1.0156
S chr_high 0 chr_mulher_rosa_walk4_0 0.184570 0.571289 0.193359 0.634766 0.49890 0.72674 0.5625 1.0156
S chr_high 0 chr_player_walk0_4 0.194824 0.571289 0.203369 0.634766 0.65410 0.85980 0.5469 1.0156
S chr_high 0 chr_corredor_walk3_6 0.204834 0.571289 0.220703 0.634766 0.45562 0.86230 1.0156 1.0156
S chr_high 0 chr_player_walk0_3 0.222168 0.571289 0.231689 0.634766 0.63659 0.84169 0.6094 1.0156
S chr_high 0 chr_mulher_rosa_walk5_3 0.233154 0.571289 0.244873 0.633789 0.66138 0.75556 0.7500 1.0000
S chr_high 0 chr_mulher_rosa_walk5_4 0.246338 0.571289 0.255127 0.633789 0.49880 0.76350 0.5625 1.0000
S chr_high 0 chr_corredor_walk6_2 0.256592 0.571289 0.273193 0.633789 0.46600 0.86959 1.0625 1.0000
S chr_high 0 chr_corredor_walk4_2 0.274658 0.571289 0.283447 0.633789 0.64229 0.88196 0.5625 1.0000
S chr_high 0 chr_player_walk7_4 0.284912 0.571289 0.300537 0.633789 0.54225 0.86710 1.0000 1.0000
S chr_high 0 chr_player_walk1_14 0.302002 0.571289 0.312744 0.633789 0.43614 0.80088 0.6875 1.0000
S chr_high 0 chr_mecanico_walk0_1 0.314209 0.571289 0.324219 0.633789 0.57918 0.83391 0.6406 1.0000
S chr_high 0 chr_homem_polo_walk7_6 0.325684 0.571289 0.341797 0.633789 0.45760 0.89312 1.0312 1.0000
S chr_high 0 chr_player_idle0_7 0.343262 0.571289 0.352539 0.633789 0.49515 0.78949 0.5938 1.0000
S chr_high 0 chr_homem_polo_walk4_7 0.354004 0.571289 0.363770 0.633789 0.39607 0.83118 0.6250 1.0000
S chr_high 0 chr_jovem_moletom_idle0_6 0.365234 0.571289 0.371826 0.633789 0.43556 0.85298 0.4219 1.0000
S chr_high 0 chr_player_walk0_7 0.373291 0.571289 0.382568 0.633789 0.49515 0.79234 0.5938 1.0000
S chr_high 0 chr_corredor_walk6_6 0.384033 0.571289 0.400635 0.633789 0.53537 0.86959 1.0625 1.0000
S chr_high 0 chr_player_walk0_12 0.402100 0.571289 0.410645 0.633789 0.34286 0.87323 0.5469 1.0000
S chr_high 0 chr_player_walk1_4 0.412109 0.571289 0.422607 0.633789 0.57117 0.86710 0.6719 1.0000
S chr_high 0 chr_homem_polo_walk3_2 0.424072 0.571289 0.440186 0.633789 0.54159 0.89312 1.0312 1.0000
S chr_high 0 chr_player_walk1_12 0.441650 0.571289 0.452148 0.633789 0.41311 0.86710 0.6719 1.0000
S chr_high 0 chr_mulher_rosa_walk6_1 0.453613 0.571289 0.468018 0.633789 0.47069 0.75166 0.9219 1.0000
S chr_high 0 chr_jovem_moletom_idle0_2 0.469482 0.571289 0.476074 0.633789 0.55751 0.85298 0.4219 1.0000
S chr_high 0 chr_player_walk3_12 0.477539 0.571289 0.493164 0.633789 0.45816 0.86710 1.0000 1.0000
S chr_high 0 chr_player_walk4_4 0.494629 0.571289 0.503174 0.633789 0.65410 0.87323 0.5469 1.0000
S chr_high 0 chr_jovem_moletom_walk0_2 0.504639 0.571289 0.513184 0.633789 0.64102 0.85577 0.5469 1.0000
S chr_high 0 chr_homem_polo_walk0_1 0.514648 0.571289 0.524414 0.633789 0.59748 0.83118 0.6250 1.0000
S chr_high 0 chr_homem_polo_idle0_7 0.525879 0.571289 0.533691 0.633789 0.49509 0.82824 0.5000 1.0000
S chr_high 0 chr_homem_polo_idle0_1 0.535156 0.571289 0.542969 0.633789 0.49509 0.82824 0.5000 1.0000
S chr_high 0 chr_mulher_rosa_walk7_1 0.544434 0.571289 0.558350 0.633789 0.52688 0.75593 0.8906 1.0000
S chr_high 0 chr_player_walk5_2 0.559814 0.571289 0.570557 0.633789 0.55410 0.80088 0.6875 1.0000
S chr_high 0 chr_player_walk5_4 0.572021 0.571289 0.582520 0.633789 0.57117 0.86710 0.6719 1.0000
S chr_high 0 chr_player_walk5_12 0.583984 0.571289 0.594482 0.633789 0.41311 0.86710 0.6719 1.0000
S chr_high 0 chr_frentista_walk5_2 0.595947 0.571289 0.606445 0.633789 0.57117 0.86710 0.6719 1.0000
S chr_high 0 chr_jovem_moletom_walk4_6 0.607910 0.571289 0.616455 0.633789 0.33600 0.85577 0.5469 1.0000
S chr_high 0 chr_atendente_walk1_5 0.617920 0.571289 0.626953 0.633789 0.41651 0.74368 0.5781 1.0000
S chr_high 0 chr_mecanico_walk4_7 0.628418 0.571289 0.638428 0.633789 0.42018 0.83391 0.6406 1.0000
S chr_high 0 chr_mulher_vestido_walk3_7 0.639893 0.571289 0.653564 0.633789 0.46179 0.74593 0.8750 1.0000
S chr_high 0 chr_mulher_vestido_walk4_0 0.655029 0.571289 0.663574 0.633789 0.50241 0.73040 0.5469 1.0000
S chr_high 0 chr_atendente_walk0_0 0.665039 0.571289 0.673584 0.633789 0.49700 0.73040 0.5469 1.0000
S chr_high 0 chr_vizinho_walk7_2 0.675049 0.571289 0.690186 0.633789 0.53735 0.86178 0.9688 1.0000
S chr_high 0 chr_corredor_walk0_6 0.691650 0.571289 0.700439 0.633789 0.33667 0.88196 0.5625 1.0000
S chr_high 0 chr_mulher_vestido_walk7_1 0.701904 0.571289 0.715576 0.633789 0.52994 0.74593 0.8750 1.0000
S chr_high 0 chr_frentista_walk7_2 0.717041 0.571289 0.732666 0.633789 0.54225 0.86710 1.0000 1.0000
S chr_high 0 chr_vizinho_walk5_6 0.734131 0.571289 0.744141 0.633789 0.41593 0.86178 0.6406 1.0000
S chr_high 0 chr_frentista_walk5_6 0.745605 0.571289 0.756104 0.633789 0.41311 0.86710 0.6719 1.0000
S chr_high 0 chr_mulher_vestido_walk5_3 0.757568 0.571289 0.766602 0.633789 0.57046 0.74601 0.5781 1.0000
S chr_high 0 chr_vizinho_walk5_2 0.768066 0.571289 0.778076 0.633789 0.57507 0.86178 0.6406 1.0000
S chr_high 0 chr_frentista_walk5_1 0.779541 0.571289 0.790283 0.633789 0.55410 0.80234 0.6875 1.0000
S chr_high 0 chr_vizinho_walk3_6 0.791748 0.571289 0.806885 0.633789 0.45402 0.86178 0.9688 1.0000
S chr_high 0 chr_frentista_walk0_6 0.808350 0.571289 0.816895 0.633789 0.34286 0.87323 0.5469 1.0000
S chr_high 0 chr_frentista_walk1_2 0.818359 0.571289 0.828857 0.633789 0.57117 0.86710 0.6719 1.0000
S chr_high 0 chr_frentista_walk1_6 0.830322 0.571289 0.840820 0.633789 0.41311 0.86710 0.6719 1.0000
S chr_high 0 chr_frentista_walk1_7 0.842285 0.571289 0.853027 0.633789 0.43614 0.80234 0.6875 1.0000
S chr_high 0 chr_vizinho_walk1_2 0.854492 0.571289 0.864502 0.633789 0.57507 0.86178 0.6406 1.0000
S chr_high 0 chr_frentista_walk3_6 0.865967 0.571289 0.881592 0.633789 0.45816 0.86710 1.0000 1.0000
S chr_high 0 chr_frentista_walk4_2 0.883057 0.571289 0.891602 0.633789 0.65410 0.87323 0.5469 1.0000
S chr_high 0 chr_vizinho_walk1_6 0.893066 0.571289 0.903076 0.633789 0.41593 0.86178 0.6406 1.0000
S chr_high 0 chr_corredor_walk2_6 0.904541 0.571289 0.921143 0.633789 0.53537 0.86959 1.0625 1.0000
S chr_high 0 chr_mecanico_idle0_7 0.922607 0.571289 0.931152 0.633789 0.49221 0.83106 0.5469 1.0000
S chr_high 0 chr_player_run0_13 0.932617 0.571289 0.942139 0.633789 0.24150 0.82272 0.6094 1.0000
S chr_high 0 chr_mulher_rosa_walk2_7 0.943604 0.571289 0.958008 0.633789 0.52189 0.75166 0.9219 1.0000
S chr_high 0 chr_atendente_walk7_1 0.959473 0.571289 0.973145 0.633789 0.52917 0.74380 0.8750 1.0000
S chr_high 0 chr_mulher_vestido_walk0_0 0.974609 0.571289 0.983154 0.633789 0.50241 0.73040 0.5469 1.0000
S chr_high 0 chr_mulher_rosa_walk1_4 0.984619 0.571289 0.993408 0.633789 0.49880 0.76350 0.5625 1.0000
S chr_high 0 chr_mulher_vestido_walk1_5 0.000732 0.640625 0.009766 0.703125 0.42023 0.74601 0.5781 1.0000
S chr_high 0 chr_atendente_walk4_0 0.011230 0.640625 0.019775 0.703125 0.49700 0.73040 0.5469 1.0000
S chr_high 0 chr_atendente_walk3_7 0.021240 0.640625 0.034912 0.703125 0.46102 0.74380 0.8750 1.0000
S chr_high 0 chr_player_run4_3 0.036377 0.640625 0.045898 0.703125 0.75101 0.82272 0.6094 1.0000
S chr_high 0 chr_corredor_walk2_2 0.047363 0.640625 0.063965 0.703125 0.46600 0.86959 1.0625 1.0000
S chr_high 0 chr_atendente_walk2_7 0.065430 0.640625 0.079590 0.702148 0.52388 0.75128 0.9062 0.9844
S chr_high 0 chr_mulher_vestido_walk6_1 0.081055 0.640625 0.095215 0.702148 0.47307 0.75346 0.9062 0.9844
S chr_high 0 chr_jovem_moletom_walk7_2 0.096680 0.640625 0.112061 0.702148 0.53984 0.86325 0.9844 0.9844
S chr_high 0 chr_mulher_vestido_walk2_7 0.113525 0.640625 0.127686 0.702148 0.52462 0.75346 0.9062 0.9844
S chr_high 0 chr_corredor_idle0_1 0.129150 0.640625 0.136719 0.702148 0.50114 0.82505 0.4844 0.9844
S chr_high 0 chr_vizinho_walk1_3 0.138184 0.640625 0.148682 0.702148 0.55239 0.87598 0.6719 0.9844
S chr_high 0 chr_player_walk1_13 0.150146 0.640625 0.161377 0.702148 0.42573 0.86467 0.7188 0.9844
S chr_high 0 chr_atendente_walk1_4 0.162842 0.640625 0.171387 0.702148 0.49690 0.76909 0.5469 0.9844
S chr_high 0 chr_corredor_walk7_6 0.172852 0.640625 0.188721 0.702148 0.45562 0.88968 1.0156 0.9844
S chr_high 0 chr_atendente_walk7_5 0.190186 0.640625 0.203857 0.702148 0.46102 0.75561 0.8750 0.9844
S chr_high 0 chr_atendente_walk3_3 0.205322 0.640625 0.218994 0.702148 0.52917 0.75561 0.8750 0.9844
S chr_high 0 chr_atendente_walk6_1 0.220459 0.640625 0.234619 0.702148 0.47233 0.75128 0.9062 0.9844
S chr_high 0 chr_mulher_vestido_walk7_5 0.236084 0.640625 0.249756 0.702148 0.46179 0.75786 0.8750 0.9844
S chr_high 0 chr_vizinho_walk0_6 0.251221 0.640625 0.260254 0.702148 0.39023 0.88101 0.5781 0.9844
S chr_high 0 chr_player_walk1_7 0.261719 0.640625 0.270996 0.702148 0.49389 0.79913 0.5938 0.9844
S chr_high 0 chr_atendente_walk5_4 0.272461 0.640625 0.281006 0.702148 0.49690 0.76909 0.5469 0.9844
S chr_high 0 chr_atendente_walk5_3 0.282471 0.640625 0.291504 0.702148 0.56762 0.75548 0.5781 0.9844
S chr_high 0 chr_mulher_vestido_walk1_4 0.292969 0.640625 0.301514 0.702148 0.50230 0.77330 0.5469 0.9844
S chr_high 0 chr_mulher_vestido_walk3_3 0.302979 0.640625 0.316650 0.702148 0.52994 0.75786 0.8750 0.9844
S chr_high 0 chr_vizinho_walk2_6 0.318115 0.640625 0.333984 0.702148 0.53235 0.86991 1.0156 0.9844
S chr_high 0 chr_frentista_walk6_2 0.335449 0.640625 0.352051 0.702148 0.46139 0.87465 1.0625 0.9844
S chr_high 0 chr_frentista_walk6_6 0.353516 0.640625 0.370117 0.702148 0.53007 0.87465 1.0625 0.9844
S chr_high 0 chr_mulher_vestido_walk5_4 0.371582 0.640625 0.380127 0.702148 0.50230 0.77330 0.5469 0.9844
S chr_high 0 chr_player_idle0_9 0.381592 0.640625 0.390869 0.702148 0.49515 0.80202 0.5938 0.9844
S chr_high 0 chr_homem_polo_walk4_4 0.392334 0.640625 0.402344 0.702148 0.50000 0.83176 0.6406 0.9844
S chr_high 0 chr_player_walk6_4 0.403809 0.640625 0.420410 0.702148 0.46139 0.87465 1.0625 0.9844
S chr_high 0 chr_mulher_rosa_walk7_5 0.421875 0.640625 0.435791 0.702148 0.45922 0.76793 0.8906 0.9844
S chr_high 0 chr_jovem_moletom_walk5_6 0.437256 0.640625 0.447510 0.702148 0.41449 0.86325 0.6562 0.9844
S chr_high 0 chr_player_run4_13 0.448975 0.640625 0.460938 0.702148 0.29218 0.83578 0.7656 0.9844
S chr_high 0 chr_jovem_moletom_walk5_2 0.462402 0.640625 0.472656 0.702148 0.57308 0.86325 0.6562 0.9844
S chr_high 0 chr_jovem_moletom_walk5_1 0.474121 0.640625 0.484619 0.702148 0.55565 0.79732 0.6719 0.9844
S chr_high 0 chr_player_walk5_3 0.486084 0.640625 0.497314 0.702148 0.57316 0.86467 0.7188 0.9844
S chr_high 0 chr_player_walk5_9 0.498779 0.640625 0.508057 0.702148 0.49389 0.79913 0.5938 0.9844
S chr_high 0 chr_corredor_walk4_7 0.509521 0.640625 0.519043 0.702148 0.39834 0.82797 0.6094 0.9844
S chr_high 0 chr_jovem_moletom_walk3_6 0.520508 0.640625 0.535889 0.702148 0.45612 0.86325 0.9844 0.9844
S chr_high 0 chr_player_walk2_12 0.537354 0.640625 0.553955 0.702148 0.53007 0.87465 1.0625 0.9844
S chr_high 0 chr_jovem_moletom_walk1_2 0.555420 0.640625 0.565674 0.702148 0.57308 0.86325 0.6562 0.9844
S chr_high 0 chr_player_run4_0 0.567139 0.640625 0.576904 0.702148 0.49757 0.66056 0.6250 0.9844
S chr_high 0 chr_player_walk6_12 0.578369 0.640625 0.594971 0.702148 0.53007 0.87465 1.0625 0.9844
S chr_high 0 chr_jovem_moletom_walk1_6 0.596436 0.640625 0.606689 0.702148 0.41449 0.86325 0.6562 0.9844
S chr_high 0 chr_jovem_moletom_walk1_7 0.608154 0.640625 0.618652 0.702148 0.43736 0.79732 0.6719 0.9844
S chr_high 0 chr_player_run1_12 0.620117 0.640625 0.634277 0.702148 0.34571 0.87302 0.9062 0.9844
S chr_high 0 chr_corredor_walk3_2 0.635742 0.640625 0.651611 0.702148 0.53924 0.88968 1.0156 0.9844
S chr_high 0 chr_mulher_rosa_walk3_3 0.653076 0.640625 0.666992 0.702148 0.52688 0.76793 0.8906 0.9844
S chr_high 0 chr_player_run0_0 0.668457 0.640625 0.678223 0.702148 0.49757 0.66056 0.6250 0.9844
S chr_high 0 chr_corredor_idle0_7 0.679688 0.640625 0.687256 0.702148 0.50114 0.82505 0.4844 0.9844
S chr_high 0 chr_player_walk2_4 0.688721 0.640625 0.705322 0.702148 0.46139 0.87465 1.0625 0.9844
S chr_high 0 chr_vizinho_walk2_2 0.706787 0.640625 0.722656 0.702148 0.46337 0.86991 1.0156 0.9844
S chr_high 0 chr_frentista_walk2_6 0.724121 0.640625 0.740723 0.702148 0.53007 0.87465 1.0625 0.9844
S chr_high 0 chr_frentista_walk2_2 0.742188 0.640625 0.758789 0.702148 0.46139 0.87465 1.0625 0.9844
S chr_high 0 chr_player_run0_3 0.760254 0.640625 0.772217 0.702148 0.69771 0.83578 0.7656 0.9844
S chr_high 0 chr_vizinho_walk4_2 0.773682 0.640625 0.782715 0.702148 0.59400 0.88101 0.5781 0.9844
S chr_high 0 chr_homem_polo_walk0_4 0.784180 0.640625 0.794189 0.702148 0.50000 0.83176 0.6406 0.9844
S chr_high 0 chr_vizinho_walk5_5 0.795654 0.640625 0.806152 0.702148 0.43651 0.87598 0.6719 0.9844
S chr_high 0 chr_player_walk4_9 0.807617 0.640625 0.816895 0.702148 0.49515 0.80492 0.5938 0.9844
S chr_high 0 chr_corredor_walk0_1 0.818359 0.640625 0.827881 0.702148 0.60091 0.82797 0.6094 0.9844
S chr_high 0 chr_player_run5_4 0.829346 0.640625 0.843506 0.702148 0.65574 0.87302 0.9062 0.9844
S chr_high 0 chr_vizinho_walk6_2 0.844971 0.640625 0.860840 0.702148 0.46337 0.86991 1.0156 0.9844
S chr_high 0 chr_homem_polo_idle0_4 0.862305 0.640625 0.872314 0.702148 0.50000 0.82878 0.6406 0.9844
S chr_high 0 chr_vizinho_walk6_6 0.873779 0.640625 0.889648 0.702148 0.53235 0.86991 1.0156 0.9844
S chr_high 0 chr_corredor_walk0_4 0.891113 0.640625 0.901123 0.701172 0.49029 0.82876 0.6406 0.9688
S chr_high 0 chr_jovem_moletom_walk0_4 0.902588 0.640625 0.912109 0.701172 0.50012 0.83991 0.6094 0.9688
S chr_high 0 chr_jovem_moletom_idle0_4 0.913574 0.640625 0.923096 0.701172 0.50012 0.83703 0.6094 0.9688
S chr_high 0 chr_jovem_moletom_walk2_6 0.924561 0.640625 0.940674 0.701172 0.53521 0.87098 1.0312 0.9688
S chr_high 0 chr_jovem_moletom_walk2_2 0.942139 0.640625 0.958252 0.701172 0.46586 0.87098 1.0312 0.9688
S chr_high 0 chr_jovem_moletom_walk6_6 0.959717 0.640625 0.975830 0.701172 0.53521 0.87098 1.0312 0.9688
S chr_high 0 chr_jovem_moletom_walk0_6 0.977295 0.640625 0.985840 0.701172 0.33600 0.88337 0.5469 0.9688
S chr_high 0 chr_jovem_moletom_walk6_2 0.000732 0.708984 0.016846 0.769531 0.46586 0.87098 1.0312 0.9688
S chr_high 0 chr_corredor_idle0_4 0.018311 0.708984 0.028320 0.769531 0.49029 0.82579 0.6406 0.9688
S chr_high 0 chr_corredor_walk4_4 0.029785 0.708984 0.039795 0.769531 0.49029 0.82876 0.6406 0.9688
S chr_high 0 chr_mecanico_walk4_4 0.041260 0.708984 0.052246 0.769531 0.49536 0.83565 0.7031 0.9688
S chr_high 0 chr_jovem_moletom_walk4_4 0.053711 0.708984 0.063232 0.769531 0.50012 0.83991 0.6094 0.9688
S chr_high 0 chr_jovem_moletom_walk4_2 0.064697 0.708984 0.073242 0.769531 0.64102 0.88337 0.5469 0.9688
S chr_high 0 chr_mecanico_walk0_4 0.074707 0.708984 0.085693 0.769531 0.49536 0.83565 0.7031 0.9688
S chr_high 0 chr_vizinho_walk3_2 0.087158 0.708984 0.102295 0.769531 0.53735 0.88958 0.9688 0.9688
S chr_high 0 chr_frentista_walk7_6 0.103760 0.708984 0.119385 0.769531 0.45816 0.89507 1.0000 0.9688
S chr_high 0 chr_vizinho_walk7_6 0.120850 0.708984 0.135986 0.769531 0.45402 0.88958 0.9688 0.9688
S chr_high 0 chr_frentista_walk4_7 0.137451 0.708984 0.146973 0.769531 0.39440 0.83410 0.6094 0.9688
S chr_high 0 chr_player_walk6_11 0.148438 0.708984 0.165527 0.769531 0.52533 0.87294 1.0938 0.9688
S chr_high 0 chr_player_idle0_2 0.166992 0.708984 0.174561 0.769531 0.49617 0.83006 0.4844 0.9688
S chr_high 0 chr_mulher_rosa_walk4_5 0.176025 0.708984 0.182861 0.769531 0.49572 0.78633 0.4375 0.9688
S chr_high 0 chr_player_walk7_12 0.184326 0.708984 0.199951 0.769531 0.45816 0.89507 1.0000 0.9688
S chr_high 0 chr_player_walk3_4 0.201416 0.708984 0.217041 0.769531 0.54225 0.89507 1.0000 0.9688
S chr_high 0 chr_player_idle0_14 0.218506 0.708984 0.226074 0.769531 0.49618 0.83006 0.4844 0.9688
S chr_high 0 chr_player_walk2_5 0.227539 0.708984 0.244629 0.769531 0.46659 0.87294 1.0938 0.9688
S chr_high 0 chr_frentista_walk3_2 0.246094 0.708984 0.261719 0.769531 0.54225 0.89507 1.0000 0.9688
S chr_high 0 chr_mecanico_idle0_4 0.263184 0.708984 0.274170 0.769531 0.49536 0.83271 0.7031 0.9688
S chr_high 0 chr_frentista_walk0_1 0.275635 0.708984 0.285156 0.769531 0.59496 0.83410 0.6094 0.9688
S chr_high 0 chr_frentista_idle0_7 0.286621 0.708984 0.294189 0.769531 0.49618 0.83116 0.4844 0.9688
S chr_high 0 chr_frentista_idle0_1 0.295654 0.708984 0.303223 0.769531 0.49617 0.83116 0.4844 0.9688
S chr_high 0 chr_player_walk4_14 0.304688 0.708984 0.314209 0.769531 0.39440 0.83300 0.6094 0.9688
S chr_high 0 chr_homem_polo_walk1_3 0.315674 0.708984 0.326660 0.769531 0.55804 0.85151 0.7031 0.9688
S chr_high 0 chr_player_walk0_2 0.328125 0.708984 0.337646 0.769531 0.59496 0.83300 0.6094 0.9688
S chr_high 0 chr_homem_polo_walk5_5 0.339111 0.708984 0.350098 0.769531 0.43924 0.85151 0.7031 0.9688
S chr_high 0 chr_mulher_rosa_idle0_6 0.351562 0.708984 0.357910 0.768555 0.44308 0.85909 0.4062 0.9531
S chr_high 0 chr_mulher_rosa_idle0_2 0.359375 0.708984 0.365723 0.768555 0.53575 0.85909 0.4062 0.9531
S chr_high 0 chr_mulher_rosa_idle0_3 0.367188 0.708984 0.375488 0.768555 0.56478 0.79635 0.5312 0.9531
S chr_high 0 chr_player_run4_6 0.376953 0.708984 0.388184 0.768555 0.65956 0.91460 0.7188 0.9531
S chr_high 0 chr_corredor_walk5_5 0.389648 0.708984 0.400391 0.768555 0.44050 0.84867 0.6875 0.9531
S chr_high 0 chr_jovem_moletom_walk4_7 0.401855 0.708984 0.411133 0.768555 0.39668 0.82972 0.5938 0.9531
S chr_high 0 chr_mulher_rosa_idle0_5 0.412598 0.708984 0.419434 0.768555 0.51043 0.79635 0.4375 0.9531
S chr_high 0 chr_atendente_walk0_3 0.420898 0.708984 0.427734 0.768555 0.49245 0.78642 0.4375 0.9531
S chr_high 0 chr_player_idle0_8 0.429199 0.708984 0.438965 0.768555 0.49757 0.83102 0.6250 0.9531
S chr_high 0 chr_player_run1_4 0.440430 0.708984 0.454590 0.768555 0.65574 0.90167 0.9062 0.9531
S chr_high 0 chr_vizinho_idle0_0 0.456055 0.708984 0.466309 0.768555 0.49132 0.90243 0.6562 0.9531
S chr_high 0 chr_mecanico_walk5_5 0.467773 0.708984 0.478760 0.768555 0.43851 0.86848 0.7031 0.9531
S chr_high 0 chr_player_walk7_11 0.480225 0.708984 0.496582 0.768555 0.45508 0.89302 1.0469 0.9531
S chr_high 0 chr_mecanico_walk1_3 0.498047 0.708984 0.509033 0.768555 0.55386 0.86848 0.7031 0.9531
S chr_high 0 chr_player_run3_12 0.510498 0.708984 0.533203 0.768555 0.45840 0.90164 1.4531 0.9531
S chr_high 0 chr_mulher_vestido_idle0_5 0.534668 0.708984 0.541504 0.768555 0.50358 0.78582 0.4375 0.9531
S chr_high 0 chr_mulher_vestido_walk4_5 0.542969 0.708984 0.549805 0.768555 0.48534 0.78866 0.4375 0.9531
S chr_high 0 chr_player_run0_10 0.551270 0.708984 0.562500 0.768555 0.32954 0.91460 0.7188 0.9531
S chr_high 0 chr_jovem_moletom_walk7_6 0.563965 0.708984 0.579346 0.768555 0.45612 0.89155 0.9844 0.9531
S chr_high 0 chr_mulher_vestido_idle0_3 0.580811 0.708984 0.587646 0.768555 0.48534 0.78582 0.4375 0.9531
S chr_high 0 chr_jovem_moletom_idle0_1 0.589111 0.708984 0.596680 0.768555 0.51605 0.82679 0.4844 0.9531
S chr_high 0 chr_mulher_rosa_walk1_7 0.598145 0.708984 0.608398 0.768555 0.43242 0.79311 0.6562 0.9531
S chr_high 0 chr_player_walk4_8 0.609863 0.708984 0.619629 0.768555 0.49757 0.83401 0.6250 0.9531
S chr_high 0 chr_frentista_idle0_4 0.621094 0.708984 0.630859 0.768555 0.49757 0.83190 0.6250 0.9531
S chr_high 0 chr_frentista_walk0_4 0.632324 0.708984 0.642090 0.768555 0.49757 0.83489 0.6250 0.9531
S chr_high 0 chr_player_walk3_5 0.643555 0.708984 0.659912 0.768555 0.53343 0.89302 1.0469 0.9531
S chr_high 0 chr_player_run5_12 0.661377 0.708984 0.675537 0.768555 0.34571 0.90167 0.9062 0.9531
S chr_high 0 chr_mulher_rosa_walk5_1 0.677002 0.708984 0.687256 0.768555 0.55106 0.79311 0.6562 0.9531
S chr_high 0 chr_mulher_rosa_walk4_6 0.688721 0.708984 0.697021 0.768555 0.33882 0.86196 0.5312 0.9531
S chr_high 0 chr_frentista_walk4_4 0.698486 0.708984 0.708252 0.768555 0.49757 0.83489 0.6250 0.9531
S chr_high 0 chr_corredor_walk1_3 0.709717 0.708984 0.720459 0.768555 0.55964 0.84867 0.6875 0.9531
S chr_high 0 chr_player_walk6_3 0.721924 0.708984 0.739014 0.768555 0.46659 0.88725 1.0938 0.9531
S chr_high 0 chr_jovem_moletom_walk0_1 0.740479 0.708984 0.749756 0.768555 0.59840 0.82972 0.5938 0.9531
S chr_high 0 chr_player_walk2_13 0.751221 0.708984 0.768311 0.768555 0.52533 0.88725 1.0938 0.9531
S chr_high 0 chr_jovem_moletom_walk3_2 0.769775 0.708984 0.785156 0.768555 0.53984 0.89155 0.9844 0.9531
S chr_high 0 chr_player_walk0_8 0.786621 0.708984 0.796387 0.768555 0.49757 0.83401 0.6250 0.9531
S chr_high 0 chr_jovem_moletom_idle0_7 0.797852 0.708984 0.805420 0.768555 0.48625 0.82679 0.4844 0.9531
S chr_high 0 chr_player_run7_4 0.806885 0.708984 0.829590 0.768555 0.53683 0.90164 1.4531 0.9531
S chr_high 0 chr_atendente_idle0_3 0.831055 0.708984 0.837891 0.768555 0.48012 0.78358 0.4375 0.9531
S chr_high 0 chr_mulher_rosa_walk0_3 0.839355 0.708984 0.848145 0.768555 0.60048 0.79922 0.5625 0.9531
S chr_high 0 chr_mulher_rosa_walk0_2 0.849609 0.708984 0.857910 0.768555 0.64641 0.86196 0.5312 0.9531
S chr_high 0 chr_mulher_vestido_walk0_3 0.859375 0.708984 0.866211 0.768555 0.49092 0.78866 0.4375 0.9531
S chr_high 0 chr_player_run1_5 0.867676 0.708984 0.882568 0.767578 0.63629 0.95447 0.9531 0.9375
S chr_high 0 chr_player_walk0_11 0.884033 0.708984 0.893555 0.767578 0.36710 0.91184 0.6094 0.9375
S chr_high 0 chr_player_walk4_5 0.895020 0.708984 0.904541 0.767578 0.63659 0.91184 0.6094 0.9375
S chr_high 0 chr_atendente_walk4_6 0.906006 0.708984 0.914062 0.767578 0.34545 0.86130 0.5156 0.9375
S chr_high 0 chr_mulher_vestido_walk1_6 0.915527 0.708984 0.925537 0.767578 0.41160 0.85807 0.6406 0.9375
S chr_high 0 chr_mulher_vestido_walk1_7 0.927002 0.708984 0.937012 0.767578 0.43731 0.79566 0.6406 0.9375
S chr_high 0 chr_atendente_walk5_1 0.938477 0.708984 0.948486 0.767578 0.55653 0.79339 0.6406 0.9375
S chr_high 0 chr_atendente_walk4_5 0.949951 0.708984 0.956787 0.767578 0.48012 0.79953 0.4375 0.9375
S chr_high 0 chr_atendente_walk1_7 0.958252 0.708984 0.968262 0.767578 0.43626 0.79339 0.6406 0.9375
S chr_high 0 chr_player_walk1_5 0.969727 0.708984 0.980957 0.767578 0.57316 0.90791 0.7188 0.9375
S chr_high 0 chr_player_walk1_6 0.982422 0.708984 0.993164 0.767578 0.55410 0.85427 0.6875 0.9375
S chr_high 0 chr_mulher_vestido_walk4_6 0.000732 0.775391 0.009521 0.833984 0.37696 0.86425 0.5625 0.9375
S chr_high 0 chr_mulher_vestido_walk5_1 0.010986 0.775391 0.020996 0.833984 0.55757 0.79566 0.6406 0.9375
S chr_high 0 chr_mulher_vestido_walk5_2 0.022461 0.775391 0.032471 0.833984 0.56908 0.85807 0.6406 0.9375
S chr_high 0 chr_atendente_walk0_2 0.033936 0.775391 0.041992 0.833984 0.65906 0.86130 0.5156 0.9375
S chr_high 0 chr_atendente_idle0_6 0.043457 0.775391 0.049072 0.833984 0.49565 0.85842 0.3594 0.9375
S chr_high 0 chr_player_run4_15 0.050537 0.775391 0.060303 0.833984 0.41290 0.69942 0.6250 0.9375
S chr_high 0 chr_atendente_idle0_5 0.061768 0.775391 0.068604 0.833984 0.50204 0.79664 0.4375 0.9375
S chr_high 0 chr_atendente_idle0_2 0.070068 0.775391 0.075684 0.833984 0.47282 0.85842 0.3594 0.9375
S chr_high 0 chr_player_run5_11 0.077148 0.775391 0.092041 0.833984 0.35461 0.95447 0.9531 0.9375
S chr_high 0 chr_frentista_walk5_5 0.093506 0.775391 0.104248 0.833984 0.43614 0.85427 0.6875 0.9375
S chr_high 0 chr_frentista_walk1_3 0.105713 0.775391 0.116455 0.833984 0.55410 0.85427 0.6875 0.9375
S chr_high 0 chr_player_walk3_13 0.117920 0.775391 0.134277 0.833984 0.45508 0.90791 1.0469 0.9375
S chr_high 0 chr_jovem_moletom_walk1_3 0.135742 0.775391 0.146240 0.833984 0.55565 0.85289 0.6719 0.9375
S chr_high 0 chr_mulher_rosa_walk1_2 0.147705 0.775391 0.157715 0.833984 0.57507 0.87008 0.6406 0.9375
S chr_high 0 chr_mulher_rosa_walk1_6 0.159180 0.775391 0.169189 0.833984 0.41593 0.87008 0.6406 0.9375
S chr_high 0 chr_mulher_rosa_walk0_6 0.170654 0.775391 0.178955 0.833984 0.33882 0.87632 0.5312 0.9375
S chr_high 0 chr_mulher_rosa_walk3_6 0.180420 0.775391 0.195557 0.833984 0.45402 0.87008 0.9688 0.9375
S chr_high 0 chr_mulher_rosa_walk4_2 0.197021 0.775391 0.205322 0.833984 0.64641 0.87632 0.5312 0.9375
S chr_high 0 chr_mulher_vestido_idle0_2 0.206787 0.775391 0.213379 0.833984 0.50261 0.86136 0.4219 0.9375
S chr_high 0 chr_mulher_vestido_idle0_6 0.214844 0.775391 0.221436 0.833984 0.50261 0.86136 0.4219 0.9375
S chr_high 0 chr_mulher_rosa_walk5_2 0.222900 0.775391 0.234619 0.833984 0.64780 0.87008 0.7500 0.9375
S chr_high 0 chr_player_walk5_11 0.236084 0.775391 0.247314 0.833984 0.42573 0.90791 0.7188 0.9375
S chr_high 0 chr_player_walk7_3 0.248779 0.775391 0.265137 0.833984 0.53343 0.90791 1.0469 0.9375
S chr_high 0 chr_mulher_rosa_walk5_6 0.266602 0.775391 0.278320 0.833984 0.35528 0.87008 0.7500 0.9375
S chr_high 0 chr_player_run0_1 0.279785 0.775391 0.289551 0.833984 0.56743 0.69942 0.6250 0.9375
S chr_high 0 chr_vizinho_walk0_5 0.291016 0.775391 0.300537 0.833984 0.40891 0.92561 0.6094 0.9375
S chr_high 0 chr_mulher_vestido_walk0_2 0.302002 0.775391 0.310791 0.833984 0.60414 0.86425 0.5625 0.9375
S chr_high 0 chr_mulher_rosa_walk7_2 0.312256 0.775391 0.327393 0.833984 0.53735 0.87008 0.9688 0.9375
S chr_high 0 chr_player_walk5_10 0.328857 0.775391 0.339600 0.833984 0.43614 0.85427 0.6875 0.9375
S chr_high 0 chr_vizinho_walk4_3 0.341064 0.775391 0.350586 0.833984 0.58007 0.92561 0.6094 0.9375
S chr_high 0 chr_jovem_moletom_walk5_5 0.352051 0.775391 0.362549 0.833984 0.43736 0.85289 0.6719 0.9375
S chr_high 0 chr_mulher_rosa_idle0_4 0.364014 0.775391 0.372803 0.833008 0.49890 0.83117 0.5625 0.9219
S chr_high 0 chr_mulher_rosa_walk0_1 0.374268 0.775391 0.383301 0.833008 0.59499 0.82631 0.5781 0.9219
S chr_high 0 chr_atendente_idle0_4 0.384766 0.775391 0.393311 0.833008 0.49700 0.82417 0.5469 0.9219
S chr_high 0 chr_mulher_rosa_walk0_4 0.394775 0.775391 0.403564 0.833008 0.49890 0.83414 0.5625 0.9219
S chr_high 0 chr_player_run5_3 0.405029 0.775391 0.419922 0.833008 0.63629 0.87782 0.9531 0.9219
S chr_high 0 chr_mulher_rosa_idle0_7 0.421387 0.775391 0.429688 0.833008 0.42035 0.82335 0.5312 0.9219
S chr_high 0 chr_player_walk4_7 0.431152 0.775391 0.440430 0.833008 0.49515 0.85949 0.5938 0.9219
S chr_high 0 chr_mulher_vestido_walk7_2 0.441895 0.775391 0.456787 0.833008 0.54047 0.87261 0.9531 0.9219
S chr_high 0 chr_mulher_rosa_walk2_2 0.458252 0.775391 0.474121 0.833008 0.46337 0.87848 1.0156 0.9219
S chr_high 0 chr_mulher_rosa_walk2_6 0.475586 0.775391 0.491455 0.833008 0.53235 0.87848 1.0156 0.9219
S chr_high 0 chr_mulher_rosa_walk4_4 0.492920 0.775391 0.501709 0.833008 0.49890 0.83414 0.5625 0.9219
S chr_high 0 chr_mulher_rosa_walk4_7 0.503174 0.775391 0.512207 0.833008 0.38627 0.82631 0.5781 0.9219
S chr_high 0 chr_player_run6_3 0.513672 0.775391 0.538330 0.833008 0.47746 0.87841 1.5781 0.9219
S chr_high 0 chr_mulher_rosa_walk6_2 0.539795 0.775391 0.557129 0.833008 0.50837 0.87848 1.1094 0.9219
S chr_high 0 chr_mulher_rosa_walk6_6 0.558594 0.775391 0.575928 0.833008 0.48736 0.87848 1.1094 0.9219
S chr_high 0 chr_frentista_idle0_0 0.577393 0.775391 0.587158 0.833008 0.49757 0.89537 0.6250 0.9219
S chr_high 0 chr_homem_polo_walk0_5 0.588623 0.775391 0.598389 0.833008 0.39607 0.90162 0.6250 0.9219
S chr_high 0 chr_homem_polo_walk4_3 0.599854 0.775391 0.609619 0.833008 0.59748 0.90162 0.6250 0.9219
S chr_high 0 chr_atendente_walk5_2 0.611084 0.775391 0.621094 0.833008 0.56908 0.86962 0.6406 0.9219
S chr_high 0 chr_player_run4_4 0.622559 0.775391 0.633545 0.833008 0.73284 0.94644 0.7031 0.9219
S chr_high 0 chr_mulher_vestido_walk1_2 0.635010 0.775391 0.645020 0.833008 0.56908 0.87261 0.6406 0.9219
S chr_high 0 chr_player_run1_13 0.646484 0.775391 0.661377 0.833008 0.35461 0.87782 0.9531 0.9219
S chr_high 0 chr_player_walk0_9 0.662842 0.775391 0.672119 0.833008 0.49515 0.85949 0.5938 0.9219
S chr_high 0 chr_mulher_vestido_walk0_6 0.673584 0.775391 0.682373 0.833008 0.37696 0.87890 0.5625 0.9219
S chr_high 0 chr_mulher_vestido_walk0_4 0.683838 0.775391 0.692383 0.833008 0.50241 0.83159 0.5469 0.9219
S chr_high 0 chr_atendente_walk4_4 0.693848 0.775391 0.702393 0.833008 0.49700 0.82710 0.5469 0.9219
S chr_high 0 chr_atendente_walk4_2 0.703857 0.775391 0.711914 0.833008 0.65906 0.87590 0.5156 0.9219
S chr_high 0 chr_atendente_walk3_6 0.713379 0.775391 0.728271 0.833008 0.45665 0.86962 0.9531 0.9219
S chr_high 0 chr_player_run2_13 0.729736 0.775391 0.754395 0.833008 0.51752 0.87841 1.5781 0.9219
S chr_high 0 chr_atendente_walk5_6 0.755859 0.775391 0.765869 0.833008 0.41160 0.86962 0.6406 0.9219
S chr_high 0 chr_mulher_vestido_idle0_4 0.767334 0.775391 0.775879 0.833008 0.50241 0.82866 0.5469 0.9219
S chr_high 0 chr_mulher_vestido_walk5_6 0.777344 0.775391 0.787354 0.833008 0.41160 0.87261 0.6406 0.9219
S chr_high 0 chr_atendente_walk1_6 0.788818 0.775391 0.798828 0.833008 0.41160 0.86962 0.6406 0.9219
S chr_high 0 chr_mulher_vestido_walk3_6 0.800293 0.775391 0.815186 0.833008 0.45665 0.87261 0.9531 0.9219
S chr_high 0 chr_atendente_walk1_2 0.816650 0.775391 0.826660 0.833008 0.56908 0.86962 0.6406 0.9219
S chr_high 0 chr_atendente_walk0_6 0.828125 0.775391 0.836182 0.833008 0.34545 0.87590 0.5156 0.9219
S chr_high 0 chr_player_run0_12 0.837646 0.775391 0.848633 0.833008 0.26667 0.94644 0.7031 0.9219
S chr_high 0 chr_mulher_vestido_walk4_2 0.850098 0.775391 0.858887 0.833008 0.60414 0.87890 0.5625 0.9219
S chr_high 0 chr_atendente_walk7_2 0.860352 0.775391 0.875244 0.833008 0.54047 0.86962 0.9531 0.9219
S chr_high 0 chr_mulher_vestido_walk4_4 0.876709 0.775391 0.885254 0.833008 0.50241 0.83159 0.5469 0.9219
S chr_high 0 chr_mulher_rosa_idle0_1 0.886719 0.775391 0.893555 0.833008 0.49572 0.82335 0.4375 0.9219
S chr_high 0 chr_player_run0_2 0.895020 0.775391 0.906250 0.833008 0.65956 0.80882 0.7188 0.9219
S chr_high 0 chr_mecanico_idle0_0 0.907715 0.775391 0.918701 0.833008 0.49536 0.89537 0.7031 0.9219
S chr_high 0 chr_atendente_walk0_4 0.920166 0.775391 0.928711 0.833008 0.49700 0.82710 0.5469 0.9219
S chr_high 0 chr_player_run4_14 0.930176 0.775391 0.941406 0.832031 0.32954 0.82277 0.7188 0.9062
S chr_high 0 chr_player_run6_4 0.942871 0.775391 0.967529 0.832031 0.47738 0.93554 1.5781 0.9062
S chr_high 0 chr_player_run2_4 0.968994 0.775391 0.993652 0.832031 0.47738 0.93427 1.5781 0.9062
S chr_high 0 chr_player_run4_5 0.000732 0.839844 0.012695 0.896484 0.69771 0.97656 0.7656 0.9062
S chr_high 0 chr_player_run2_12 0.014160 0.839844 0.038818 0.896484 0.52190 0.93554 1.5781 0.9062
S chr_high 0 chr_player_idle0_1 0.040283 0.839844 0.049561 0.896484 0.49515 0.84512 0.5938 0.9062
S chr_high 0 chr_player_run0_11 0.051025 0.839844 0.062988 0.896484 0.29218 0.97656 0.7656 0.9062
S chr_high 0 chr_mulher_rosa_walk3_2 0.064453 0.839844 0.079590 0.896484 0.53735 0.90008 0.9688 0.9062
S chr_high 0 chr_player_idle0_15 0.081055 0.839844 0.090332 0.896484 0.49515 0.84512 0.5938 0.9062
S chr_high 0 chr_mecanico_walk4_3 0.091797 0.839844 0.101807 0.896484 0.57918 0.92018 0.6406 0.9062
S chr_high 0 chr_mecanico_walk0_5 0.103271 0.839844 0.113281 0.896484 0.42018 0.92018 0.6406 0.9062
S chr_high 0 chr_atendente_walk6_6 0.114746 0.839844 0.130371 0.896484 0.53503 0.87823 1.0000 0.9062
S chr_high 0 chr_atendente_walk6_2 0.131836 0.839844 0.147461 0.896484 0.46571 0.87823 1.0000 0.9062
S chr_high 0 chr_mulher_vestido_idle0_1 0.148926 0.839844 0.155762 0.896484 0.48534 0.82647 0.4375 0.9062
S chr_high 0 chr_mulher_vestido_idle0_7 0.157227 0.839844 0.164062 0.896484 0.50358 0.82647 0.4375 0.9062
S chr_high 0 chr_mulher_vestido_walk0_1 0.165527 0.839844 0.174316 0.896484 0.60395 0.82945 0.5625 0.9062
S chr_high 0 chr_atendente_walk4_7 0.175781 0.839844 0.184570 0.896484 0.39048 0.82710 0.5625 0.9062
S chr_high 0 chr_mulher_vestido_walk2_2 0.186035 0.839844 0.201660 0.896484 0.46571 0.88127 1.0000 0.9062
S chr_high 0 chr_mulher_vestido_walk2_6 0.203125 0.839844 0.218750 0.896484 0.53503 0.88127 1.0000 0.9062
S chr_high 0 chr_atendente_walk2_6 0.220215 0.839844 0.235840 0.896484 0.53503 0.87823 1.0000 0.9062
S chr_high 0 chr_atendente_walk2_2 0.237305 0.839844 0.252930 0.896484 0.46571 0.87823 1.0000 0.9062
S chr_high 0 chr_mulher_vestido_walk4_7 0.254395 0.839844 0.263184 0.896484 0.39167 0.82945 0.5625 0.9062
S chr_high 0 chr_atendente_walk0_1 0.264648 0.839844 0.273438 0.896484 0.60276 0.82710 0.5625 0.9062
S chr_high 0 chr_atendente_idle0_7 0.274902 0.839844 0.281738 0.896484 0.50204 0.82411 0.4375 0.9062
S chr_high 0 chr_mulher_vestido_walk6_2 0.283203 0.839844 0.298828 0.896484 0.46571 0.88127 1.0000 0.9062
S chr_high 0 chr_mulher_vestido_walk6_6 0.300293 0.839844 0.315918 0.896484 0.53503 0.88127 1.0000 0.9062
S chr_high 0 chr_atendente_idle0_1 0.317383 0.839844 0.324219 0.896484 0.48012 0.82411 0.4375 0.9062
S chr_high 0 chr_mulher_rosa_walk7_6 0.325684 0.839844 0.340820 0.896484 0.45402 0.90008 0.9688 0.9062
S chr_high 0 chr_player_run6_12 0.342285 0.839844 0.366943 0.896484 0.52190 0.93427 1.5781 0.9062
S chr_high 0 chr_player_walk4_6 0.368408 0.839844 0.377930 0.895508 0.59496 0.90607 0.6094 0.8906
S chr_high 0 chr_mulher_rosa_walk5_5 0.379395 0.839844 0.389648 0.895508 0.43242 0.84877 0.6562 0.8906
S chr_high 0 chr_mulher_rosa_walk1_3 0.391113 0.839844 0.401367 0.895508 0.55106 0.84877 0.6562 0.8906
S chr_high 0 chr_jovem_moletom_walk0_5 0.402832 0.839844 0.412109 0.895508 0.39668 0.90405 0.5938 0.8906
S chr_high 0 chr_jovem_moletom_walk4_3 0.413574 0.839844 0.422852 0.895508 0.59840 0.90405 0.5938 0.8906
S chr_high 0 chr_homem_polo_idle0_0 0.424316 0.839844 0.434326 0.895508 0.50000 0.88587 0.6406 0.8906
S chr_high 0 chr_corredor_walk4_3 0.435791 0.839844 0.445312 0.895508 0.60091 0.91513 0.6094 0.8906
S chr_high 0 chr_atendente_walk7_6 0.446777 0.839844 0.461670 0.895508 0.45665 0.90013 0.9531 0.8906
S chr_high 0 chr_player_walk0_10 0.463135 0.839844 0.472656 0.895508 0.39440 0.90607 0.6094 0.8906
S chr_high 0 chr_atendente_walk3_2 0.474121 0.839844 0.489014 0.895508 0.54047 0.90013 0.9531 0.8906
S chr_high 0 chr_mulher_vestido_walk3_2 0.490479 0.839844 0.505371 0.895508 0.54047 0.90323 0.9531 0.8906
S chr_high 0 chr_mulher_vestido_walk7_6 0.506836 0.839844 0.521729 0.895508 0.45665 0.90323 0.9531 0.8906
S chr_high 0 chr_frentista_walk4_3 0.523193 0.839844 0.532715 0.895508 0.59496 0.90607 0.6094 0.8906
S chr_high 0 chr_frentista_walk0_5 0.534180 0.839844 0.543701 0.895508 0.39440 0.90607 0.6094 0.8906
S chr_high 0 chr_corredor_walk0_5 0.545166 0.839844 0.554688 0.895508 0.39834 0.91513 0.6094 0.8906
S chr_high 0 chr_atendente_walk1_3 0.556152 0.839844 0.566162 0.894531 0.55653 0.85006 0.6406 0.8750
S chr_high 0 chr_corredor_idle0_0 0.567627 0.839844 0.577393 0.894531 0.50255 0.88418 0.6250 0.8750
S chr_high 0 chr_mulher_vestido_walk5_5 0.578857 0.839844 0.588867 0.894531 0.43731 0.85259 0.6406 0.8750
S chr_high 0 chr_atendente_walk5_5 0.590332 0.839844 0.600342 0.894531 0.43626 0.85006 0.6406 0.8750
S chr_high 0 chr_mulher_vestido_walk1_3 0.601807 0.839844 0.611816 0.894531 0.55757 0.85259 0.6406 0.8750
S chr_high 0 chr_jovem_moletom_idle0_0 0.613281 0.839844 0.622803 0.893555 0.50012 0.89147 0.6094 0.8594
S chr_high 0 chr_player_idle0_0 0.624268 0.839844 0.634033 0.893555 0.49757 0.89134 0.6250 0.8594
S chr_high 0 chr_player_run3_13 0.635498 0.839844 0.658203 0.892578 0.46136 0.95910 1.4531 0.8438
S chr_high 0 chr_mulher_rosa_walk4_3 0.659668 0.839844 0.668701 0.892578 0.59499 0.90282 0.5781 0.8438
S chr_high 0 chr_mulher_rosa_walk0_5 0.670166 0.839844 0.679199 0.892578 0.38627 0.90282 0.5781 0.8438
S chr_high 0 chr_player_run7_12 0.680664 0.839844 0.703369 0.892578 0.45840 1.01856 1.4531 0.8438
S chr_high 0 chr_player_run7_3 0.704834 0.839844 0.727539 0.892578 0.53601 0.95910 1.4531 0.8438
S chr_high 0 chr_player_run3_4 0.729004 0.839844 0.751709 0.892578 0.53683 1.01856 1.4531 0.8438
S chr_high 0 chr_atendente_walk4_3 0.753174 0.839844 0.761963 0.891602 0.60275 0.90512 0.5625 0.8281
S chr_high 0 chr_atendente_walk0_5 0.763428 0.839844 0.772217 0.891602 0.39048 0.90512 0.5625 0.8281
S chr_high 0 chr_mulher_vestido_walk4_3 0.773682 0.839844 0.782471 0.891602 0.60395 0.90770 0.5625 0.8281
S chr_high 0 chr_mulher_vestido_walk0_5 0.783936 0.839844 0.792725 0.891602 0.39167 0.90770 0.5625 0.8281
S chr_high 0 chr_mulher_vestido_idle0_0 0.794189 0.839844 0.802734 0.891602 0.50241 0.87873 0.5469 0.8281
S chr_high 0 chr_atendente_idle0_0 0.804199 0.839844 0.812744 0.891602 0.49700 0.87873 0.5469 0.8281
S chr_high 0 chr_mulher_rosa_idle0_0 0.814209 0.839844 0.822998 0.891602 0.49890 0.88798 0.5625 0.8281
PAGE chr_low 0 4096 4096
PAGE chr_low 1 4096 1024
S chr_low 0 chr_homem_polo_walk7_4 0.000732 0.000732 0.019531 0.053711 0.49909 0.95658 0.6417 1.8083
S chr_low 0 chr_homem_polo_walk3_4 0.020996 0.000732 0.039795 0.053711 0.49909 0.95658 0.6417 1.8083
S chr_low 0 chr_homem_polo_idle0_5 0.041260 0.000732 0.055908 0.053467 0.49509 0.96375 0.5000 1.8000
S chr_low 0 chr_homem_polo_walk5_3 0.057373 0.000732 0.076416 0.053467 0.56933 0.95992 0.6500 1.8000
S chr_low 0 chr_homem_polo_idle0_3 0.077881 0.000732 0.092529 0.053467 0.49509 0.96375 0.5000 1.8000
S chr_low 0 chr_homem_polo_walk4_5 0.093994 0.000732 0.108643 0.053467 0.49509 0.96758 0.5000 1.8000
S chr_low 0 chr_homem_polo_walk0_3 0.110107 0.000732 0.124756 0.053467 0.49509 0.96758 0.5000 1.8000
S chr_low 0 chr_homem_polo_walk7_3 0.126221 0.000732 0.145752 0.053467 0.55509 0.95992 0.6667 1.8000
S chr_low 0 chr_homem_polo_walk3_5 0.147217 0.000732 0.166748 0.053467 0.44629 0.95992 0.6667 1.8000
S chr_low 0 chr_homem_polo_walk1_5 0.168213 0.000732 0.187256 0.053467 0.43031 0.95992 0.6500 1.8000
S chr_low 0 chr_homem_polo_walk2_4 0.188721 0.000732 0.207520 0.053223 0.49898 0.95779 0.6417 1.7917
S chr_low 0 chr_homem_polo_walk1_4 0.208984 0.000732 0.227783 0.053223 0.49909 0.96548 0.6417 1.7917
S chr_low 0 chr_homem_polo_walk5_4 0.229248 0.000732 0.248047 0.053223 0.49909 0.96548 0.6417 1.7917
S chr_low 0 chr_homem_polo_walk6_4 0.249512 0.000732 0.268311 0.053223 0.49898 0.95779 0.6417 1.7917
S chr_low 0 chr_homem_polo_walk1_1 0.269775 0.000732 0.288818 0.052979 0.56933 0.96483 0.6500 1.7833
S chr_low 0 chr_homem_polo_idle0_4 0.290283 0.000732 0.309082 0.052979 0.49919 0.97386 0.6417 1.7833
S chr_low 0 chr_homem_polo_walk5_7 0.310547 0.000732 0.329590 0.052979 0.43031 0.96483 0.6500 1.7833
S chr_low 0 chr_homem_polo_walk0_4 0.331055 0.000732 0.349854 0.052979 0.49919 0.97773 0.6417 1.7833
S chr_low 0 chr_homem_polo_walk5_0 0.351318 0.000732 0.370117 0.052979 0.49909 0.96425 0.6417 1.7833
S chr_low 0 chr_homem_polo_walk4_4 0.371582 0.000732 0.390381 0.052979 0.49919 0.97773 0.6417 1.7833
S chr_low 0 chr_homem_polo_walk1_0 0.391846 0.000732 0.410645 0.052979 0.49909 0.96425 0.6417 1.7833
S chr_low 0 chr_homem_polo_idle0_2 0.412109 0.000732 0.421875 0.052734 0.40170 0.97502 0.3333 1.7750
S chr_low 0 chr_corredor_walk3_4 0.423340 0.000732 0.441895 0.052734 0.49583 0.95563 0.6333 1.7750
S chr_low 0 chr_homem_polo_idle0_1 0.443359 0.000732 0.458008 0.052734 0.49509 0.97325 0.5000 1.7750
S chr_low 0 chr_homem_polo_walk0_2 0.459473 0.000732 0.476074 0.052734 0.65019 0.97891 0.5667 1.7750
S chr_low 0 chr_homem_polo_walk2_5 0.477539 0.000732 0.500977 0.052734 0.46863 0.96567 0.8000 1.7750
S chr_low 0 chr_homem_polo_walk4_7 0.502441 0.000732 0.520752 0.052734 0.39607 0.97713 0.6250 1.7750
S chr_low 0 chr_homem_polo_walk4_6 0.522217 0.000732 0.538818 0.052734 0.34081 0.97891 0.5667 1.7750
S chr_low 0 chr_corredor_walk7_4 0.540283 0.000732 0.558838 0.052734 0.49583 0.95563 0.6333 1.7750
S chr_low 0 chr_homem_polo_walk6_3 0.560303 0.000732 0.583740 0.052734 0.52308 0.96567 0.8000 1.7750
S chr_low 0 chr_homem_polo_walk0_1 0.585205 0.000732 0.603516 0.052734 0.59748 0.97713 0.6250 1.7750
S chr_low 0 chr_homem_polo_idle0_6 0.604980 0.000732 0.614746 0.052734 0.57938 0.97502 0.3333 1.7750
S chr_low 0 chr_homem_polo_idle0_7 0.616211 0.000732 0.630859 0.052734 0.49509 0.97325 0.5000 1.7750
S chr_low 0 chr_corredor_walk3_5 0.632324 0.000732 0.651611 0.052490 0.44316 0.95904 0.6583 1.7667
S chr_low 0 chr_homem_polo_walk6_0 0.653076 0.000732 0.671875 0.052490 0.49898 0.96554 0.6417 1.7667
S chr_low 0 chr_mecanico_walk7_4 0.673340 0.000732 0.693848 0.052490 0.49747 0.95522 0.7000 1.7667
S chr_low 0 chr_jovem_moletom_walk7_4 0.695312 0.000732 0.713135 0.052490 0.50088 0.95563 0.6083 1.7667
S chr_low 0 chr_mecanico_walk3_4 0.714600 0.000732 0.735107 0.052490 0.49747 0.95522 0.7000 1.7667
S chr_low 0 chr_jovem_moletom_walk3_4 0.736572 0.000732 0.754395 0.052490 0.50088 0.95563 0.6083 1.7667
S chr_low 0 chr_corredor_walk7_3 0.755859 0.000732 0.775146 0.052490 0.55121 0.95904 0.6583 1.7667
S chr_low 0 chr_homem_polo_walk2_0 0.776611 0.000732 0.795410 0.052490 0.49898 0.96554 0.6417 1.7667
S chr_low 0 chr_homem_polo_walk7_5 0.796875 0.000732 0.824707 0.052246 0.46651 0.98267 0.9500 1.7583
S chr_low 0 chr_corredor_idle0_3 0.826172 0.000732 0.840576 0.052246 0.49370 0.96743 0.4917 1.7583
S chr_low 0 chr_player_walk7_7 0.842041 0.000732 0.860107 0.052246 0.52225 0.95484 0.6167 1.7583
S chr_low 0 chr_corredor_walk1_4 0.861572 0.000732 0.880127 0.052246 0.49583 0.96468 0.6333 1.7583
S chr_low 0 chr_corredor_walk0_3 0.881592 0.000732 0.895996 0.052246 0.49370 0.97128 0.4917 1.7583
S chr_low 0 chr_corredor_idle0_5 0.897461 0.000732 0.911865 0.052246 0.49370 0.96743 0.4917 1.7583
S chr_low 0 chr_player_walk3_8 0.913330 0.000732 0.931641 0.052246 0.49747 0.95513 0.6250 1.7583
S chr_low 0 chr_player_walk3_9 0.933105 0.000732 0.951172 0.052246 0.47742 0.95484 0.6167 1.7583
S chr_low 0 chr_mecanico_walk4_5 0.952637 0.000732 0.968506 0.052246 0.49694 0.96554 0.5417 1.7583
S chr_low 0 chr_mecanico_walk7_3 0.969971 0.000732 0.989990 0.052246 0.55621 0.95793 0.6833 1.7583
S chr_low 0 chr_mecanico_walk3_5 0.000732 0.055176 0.020752 0.106689 0.43710 0.95793 0.6833 1.7583
S chr_low 0 chr_player_run4_10 0.022217 0.055176 0.039551 0.106689 0.31324 0.97270 0.5917 1.7583
S chr_low 0 chr_player_run4_9 0.041016 0.055176 0.059082 0.106689 0.41848 0.97809 0.6167 1.7583
S chr_low 0 chr_player_run4_8 0.060547 0.055176 0.078857 0.106689 0.49757 0.98032 0.6250 1.7583
S chr_low 0 chr_player_run0_7 0.080322 0.055176 0.098389 0.106689 0.57510 0.97809 0.6167 1.7583
S chr_low 0 chr_homem_polo_walk0_5 0.099854 0.055176 0.118164 0.106689 0.39607 0.99051 0.6250 1.7583
S chr_low 0 chr_corredor_walk6_4 0.119629 0.055176 0.138184 0.106689 0.49573 0.95699 0.6333 1.7583
S chr_low 0 chr_frentista_walk3_4 0.139648 0.055176 0.157959 0.106689 0.49747 0.95563 0.6250 1.7583
S chr_low 0 chr_homem_polo_walk4_3 0.159424 0.055176 0.177734 0.106689 0.59748 0.99051 0.6250 1.7583
S chr_low 0 chr_corredor_walk5_4 0.179199 0.055176 0.197754 0.106689 0.49583 0.96468 0.6333 1.7583
S chr_low 0 chr_homem_polo_walk3_3 0.199219 0.055176 0.227051 0.106689 0.53457 0.98267 0.9500 1.7583
S chr_low 0 chr_corredor_walk5_3 0.228516 0.055176 0.247314 0.106689 0.56552 0.96359 0.6417 1.7583
S chr_low 0 chr_homem_polo_walk2_1 0.248779 0.055176 0.272217 0.106689 0.52308 0.97071 0.8000 1.7583
S chr_low 0 chr_player_run0_8 0.273682 0.055176 0.291992 0.106689 0.49757 0.98032 0.6250 1.7583
S chr_low 0 chr_player_run0_6 0.293457 0.055176 0.310791 0.106689 0.68847 0.97270 0.5917 1.7583
S chr_low 0 chr_corredor_walk1_5 0.312256 0.055176 0.331055 0.106689 0.42744 0.96359 0.6417 1.7583
S chr_low 0 chr_mecanico_walk0_3 0.332520 0.055176 0.348389 0.106689 0.49694 0.96554 0.5417 1.7583
S chr_low 0 chr_player_walk7_8 0.349854 0.055176 0.368164 0.106689 0.49747 0.95513 0.6250 1.7583
S chr_low 0 chr_homem_polo_walk6_7 0.369629 0.055176 0.393066 0.106689 0.46863 0.97071 0.8000 1.7583
S chr_low 0 chr_corredor_walk2_4 0.394531 0.055176 0.413086 0.106689 0.49573 0.95699 0.6333 1.7583
S chr_low 0 chr_mecanico_idle0_5 0.414551 0.055176 0.430420 0.106689 0.49694 0.96173 0.5417 1.7583
S chr_low 0 chr_mecanico_idle0_3 0.431885 0.055176 0.447754 0.106689 0.49694 0.96173 0.5417 1.7583
S chr_low 0 chr_frentista_walk7_4 0.449219 0.055176 0.467529 0.106689 0.49747 0.95563 0.6250 1.7583
S chr_low 0 chr_corredor_walk4_5 0.468994 0.055176 0.483398 0.106689 0.49370 0.97128 0.4917 1.7583
S chr_low 0 chr_homem_polo_walk1_6 0.484863 0.055176 0.504883 0.106445 0.41837 0.98501 0.6833 1.7500
S chr_low 0 chr_jovem_moletom_walk3_5 0.506348 0.055176 0.525146 0.106445 0.44117 0.96342 0.6417 1.7500
S chr_low 0 chr_homem_polo_walk1_3 0.526611 0.055176 0.547119 0.106445 0.56053 0.98735 0.7000 1.7500
S chr_low 0 chr_frentista_idle0_3 0.548584 0.055176 0.562744 0.106445 0.49724 0.96331 0.4833 1.7500
S chr_low 0 chr_mecanico_walk5_3 0.564209 0.055176 0.584229 0.106445 0.55621 0.96249 0.6833 1.7500
S chr_low 0 chr_player_walk5_7 0.585693 0.055176 0.603760 0.106445 0.52225 0.95939 0.6167 1.7500
S chr_low 0 chr_mecanico_walk5_4 0.605225 0.055176 0.625732 0.106445 0.49747 0.96432 0.7000 1.7500
S chr_low 0 chr_jovem_moletom_walk4_5 0.627197 0.055176 0.641602 0.106445 0.47904 0.97092 0.4917 1.7500
S chr_low 0 chr_jovem_moletom_walk2_4 0.643066 0.055176 0.660889 0.106445 0.50078 0.95723 0.6083 1.7500
S chr_low 0 chr_jovem_moletom_walk1_5 0.662354 0.055176 0.680664 0.106445 0.42580 0.96342 0.6250 1.7500
S chr_low 0 chr_homem_polo_walk4_0 0.682129 0.055176 0.700928 0.106445 0.49919 0.99050 0.6417 1.7500
S chr_low 0 chr_mecanico_walk6_4 0.702393 0.055176 0.722900 0.106445 0.49737 0.95667 0.7000 1.7500
S chr_low 0 chr_jovem_moletom_walk0_3 0.724365 0.055176 0.738770 0.106445 0.50839 0.97092 0.4917 1.7500
S chr_low 0 chr_homem_polo_walk5_2 0.740234 0.055176 0.760254 0.106445 0.57844 0.98501 0.6833 1.7500
S chr_low 0 chr_homem_polo_idle0_0 0.761719 0.055176 0.780518 0.106445 0.49919 0.98656 0.6417 1.7500
S chr_low 0 chr_jovem_moletom_idle0_5 0.781982 0.055176 0.796387 0.106445 0.47904 0.96717 0.4917 1.7500
S chr_low 0 chr_jovem_moletom_idle0_3 0.797852 0.055176 0.812256 0.106445 0.50839 0.96717 0.4917 1.7500
S chr_low 0 chr_homem_polo_walk5_5 0.813721 0.055176 0.834229 0.106445 0.44120 0.98735 0.7000 1.7500
S chr_low 0 chr_homem_polo_walk0_0 0.835693 0.055176 0.854492 0.106445 0.49919 0.99050 0.6417 1.7500
S chr_low 0 chr_jovem_moletom_walk6_4 0.855957 0.055176 0.873779 0.106445 0.50078 0.95723 0.6083 1.7500
S chr_low 0 chr_corredor_idle0_4 0.875244 0.055176 0.893799 0.106445 0.49594 0.97314 0.6333 1.7500
S chr_low 0 chr_mecanico_walk1_5 0.895264 0.055176 0.915283 0.106445 0.43710 0.96249 0.6833 1.7500
S chr_low 0 chr_frentista_walk7_3 0.916748 0.055176 0.935791 0.106445 0.55275 0.95949 0.6500 1.7500
S chr_low 0 chr_corredor_walk4_4 0.937256 0.055176 0.955811 0.106445 0.49594 0.97700 0.6333 1.7500
S chr_low 0 chr_player_walk1_9 0.957275 0.055176 0.975342 0.106445 0.47742 0.95939 0.6167 1.7500
S chr_low 0 chr_mecanico_walk2_4 0.976807 0.055176 0.997314 0.106445 0.49737 0.95667 0.7000 1.7500
S chr_low 0 chr_mecanico_walk1_4 0.000732 0.108154 0.021240 0.159424 0.49747 0.96432 0.7000 1.7500
S chr_low 0 chr_corredor_walk5_0 0.022705 0.108154 0.041260 0.159424 0.49583 0.96354 0.6333 1.7500
S chr_low 0 chr_jovem_moletom_walk7_3 0.042725 0.108154 0.061523 0.159424 0.54873 0.96342 0.6417 1.7500
S chr_low 0 chr_corredor_walk0_4 0.062988 0.108154 0.081543 0.159424 0.49594 0.97700 0.6333 1.7500
S chr_low 0 chr_frentista_walk0_3 0.083008 0.108154 0.097168 0.159424 0.49724 0.96714 0.4833 1.7500
S chr_low 0 chr_corredor_walk5_7 0.098633 0.108154 0.117432 0.159424 0.42744 0.96412 0.6417 1.7500
S chr_low 0 chr_frentista_walk4_5 0.118896 0.108154 0.133057 0.159424 0.49724 0.96714 0.4833 1.7500
S chr_low 0 chr_corredor_walk1_0 0.134521 0.108154 0.153076 0.159424 0.49583 0.96354 0.6333 1.7500
S chr_low 0 chr_jovem_moletom_walk5_3 0.154541 0.108154 0.172852 0.159424 0.56336 0.96342 0.6250 1.7500
S chr_low 0 chr_frentista_idle0_5 0.174316 0.108154 0.188477 0.159424 0.49724 0.96331 0.4833 1.7500
S chr_low 0 chr_corredor_walk1_1 0.189941 0.108154 0.208740 0.159424 0.56552 0.96412 0.6417 1.7500
S chr_low 0 chr_frentista_walk3_5 0.210205 0.108154 0.229248 0.159424 0.44440 0.95949 0.6500 1.7500
S chr_low 0 chr_corredor_walk2_5 0.230713 0.108154 0.253662 0.159180 0.46931 0.96504 0.7833 1.7417
S chr_low 0 chr_player_idle0_9 0.255127 0.108154 0.272461 0.159180 0.49689 0.96782 0.5917 1.7417
S chr_low 0 chr_mecanico_idle0_4 0.273926 0.108154 0.294434 0.159180 0.49757 0.97278 0.7000 1.7417
S chr_low 0 chr_player_idle0_10 0.295898 0.108154 0.310059 0.159180 0.49724 0.96702 0.4833 1.7417
S chr_low 0 chr_player_walk1_10 0.311523 0.108154 0.330078 0.159180 0.42877 0.96318 0.6333 1.7417
S chr_low 0 chr_player_run4_7 0.331543 0.108154 0.349609 0.159180 0.57510 0.98745 0.6167 1.7417
S chr_low 0 chr_player_walk7_9 0.351074 0.108154 0.370850 0.159180 0.47205 0.96398 0.6750 1.7417
S chr_low 0 chr_frentista_walk1_4 0.372314 0.108154 0.390625 0.159180 0.49747 0.96478 0.6250 1.7417
S chr_low 0 chr_player_walk1_8 0.392090 0.108154 0.410400 0.159180 0.49747 0.96427 0.6250 1.7417
S chr_low 0 chr_homem_polo_walk5_6 0.411865 0.108154 0.431885 0.159180 0.41837 0.98972 0.6833 1.7417
S chr_low 0 chr_frentista_walk6_4 0.433350 0.108154 0.451660 0.159180 0.49737 0.95709 0.6250 1.7417
S chr_low 0 chr_player_walk1_1 0.453125 0.108154 0.471191 0.159180 0.52225 0.95871 0.6167 1.7417
S chr_low 0 chr_frentista_walk5_4 0.472656 0.108154 0.490967 0.159180 0.49747 0.96478 0.6250 1.7417
S chr_low 0 chr_corredor_walk4_7 0.492432 0.108154 0.510254 0.159180 0.39902 0.97650 0.6083 1.7417
S chr_low 0 chr_player_run0_9 0.511719 0.108154 0.529785 0.159180 0.41848 0.98745 0.6167 1.7417
S chr_low 0 chr_homem_polo_walk5_1 0.531250 0.108154 0.551758 0.159180 0.56053 0.98791 0.7000 1.7417
S chr_low 0 chr_frentista_walk5_3 0.553223 0.108154 0.571777 0.159180 0.56729 0.96408 0.6333 1.7417
S chr_low 0 chr_player_walk0_7 0.573242 0.108154 0.590576 0.159180 0.49689 0.97167 0.5917 1.7417
S chr_low 0 chr_player_walk0_6 0.592041 0.108154 0.606201 0.159180 0.49724 0.97086 0.4833 1.7417
S chr_low 0 chr_frentista_walk2_4 0.607666 0.108154 0.625977 0.159180 0.49737 0.95709 0.6250 1.7417
S chr_low 0 chr_corredor_walk6_3 0.627441 0.108154 0.650391 0.159180 0.52384 0.96504 0.7833 1.7417
S chr_low 0 chr_frentista_walk1_5 0.651855 0.108154 0.670410 0.159180 0.42877 0.96408 0.6333 1.7417
S chr_low 0 chr_player_walk7_6 0.671875 0.108154 0.690918 0.159180 0.55275 0.96318 0.6500 1.7417
S chr_low 0 chr_homem_polo_walk1_2 0.692383 0.108154 0.712402 0.159180 0.57844 0.98972 0.6833 1.7417
S chr_low 0 chr_player_walk4_10 0.713867 0.108154 0.728027 0.159180 0.49724 0.97086 0.4833 1.7417
S chr_low 0 chr_jovem_moletom_walk4_4 0.729492 0.108154 0.747314 0.159180 0.50098 0.97688 0.6083 1.7417
S chr_low 0 chr_player_walk4_9 0.748779 0.108154 0.766113 0.159180 0.49689 0.97167 0.5917 1.7417
S chr_low 0 chr_player_walk5_6 0.767578 0.108154 0.786133 0.159180 0.56729 0.96318 0.6333 1.7417
S chr_low 0 chr_jovem_moletom_walk5_4 0.787598 0.108154 0.805420 0.159180 0.50088 0.96935 0.6083 1.7417
S chr_low 0 chr_player_walk5_8 0.806885 0.108154 0.825195 0.159180 0.49747 0.96427 0.6250 1.7417
S chr_low 0 chr_mecanico_walk4_4 0.826660 0.108154 0.847168 0.159180 0.49757 0.97662 0.7000 1.7417
S chr_low 0 chr_homem_polo_walk1_7 0.848633 0.108154 0.869141 0.159180 0.44120 0.98791 0.7000 1.7417
S chr_low 0 chr_player_walk5_15 0.870605 0.108154 0.888672 0.159180 0.47742 0.95871 0.6167 1.7417
S chr_low 0 chr_jovem_moletom_walk1_4 0.890137 0.108154 0.907959 0.159180 0.50088 0.96935 0.6083 1.7417
S chr_low 0 chr_corredor_idle0_1 0.909424 0.108154 0.923828 0.159180 0.49370 0.97261 0.4917 1.7417
S chr_low 0 chr_jovem_moletom_walk0_4 0.925293 0.108154 0.943115 0.159180 0.50098 0.97688 0.6083 1.7417
S chr_low 0 chr_player_walk3_10 0.944580 0.108154 0.963623 0.159180 0.44440 0.96318 0.6500 1.7417
S chr_low 0 chr_player_walk2_8 0.965088 0.108154 0.983398 0.159180 0.49737 0.95659 0.6250 1.7417
S chr_low 0 chr_player_walk2_9 0.000732 0.160889 0.020020 0.211914 0.46725 0.95629 0.6583 1.7417
S chr_low 0 chr_mecanico_walk0_4 0.021484 0.160889 0.041992 0.211914 0.49757 0.97662 0.7000 1.7417
S chr_low 0 chr_player_idle0_7 0.043457 0.160889 0.060791 0.211914 0.49689 0.96782 0.5917 1.7417
S chr_low 0 chr_corredor_walk0_1 0.062256 0.160889 0.080078 0.211914 0.60193 0.97650 0.6083 1.7417
S chr_low 0 chr_jovem_moletom_idle0_4 0.081543 0.160889 0.099365 0.211914 0.50098 0.97311 0.6083 1.7417
S chr_low 0 chr_corredor_idle0_7 0.100830 0.160889 0.115234 0.211914 0.49370 0.97261 0.4917 1.7417
S chr_low 0 chr_player_walk6_8 0.116699 0.160889 0.135010 0.211914 0.49737 0.95659 0.6250 1.7417
S chr_low 0 chr_player_walk6_7 0.136475 0.160889 0.155762 0.211914 0.52996 0.95629 0.6583 1.7417
S chr_low 0 chr_player_walk3_7 0.157227 0.160889 0.177002 0.211914 0.52238 0.96398 0.6750 1.7417
S chr_low 0 chr_player_idle0_6 0.178467 0.160889 0.192627 0.211914 0.49724 0.96702 0.4833 1.7417
S chr_low 0 chr_homem_polo_walk0_7 0.194092 0.160889 0.208740 0.211670 0.49509 1.00062 0.5000 1.7333
S chr_low 0 chr_frentista_walk0_4 0.210205 0.160889 0.228516 0.211670 0.49757 0.97714 0.6250 1.7333
S chr_low 0 chr_frentista_walk1_0 0.229980 0.160889 0.248291 0.211670 0.49747 0.96604 0.6250 1.7333
S chr_low 0 chr_frentista_walk1_1 0.249756 0.160889 0.268311 0.211670 0.56729 0.96633 0.6333 1.7333
S chr_low 0 chr_frentista_idle0_4 0.269775 0.160889 0.288086 0.211670 0.49757 0.97328 0.6250 1.7333
S chr_low 0 chr_player_run7_8 0.289551 0.160889 0.307861 0.211670 0.49711 0.97790 0.6250 1.7333
S chr_low 0 chr_mecanico_idle0_7 0.309326 0.160889 0.325195 0.211670 0.49694 0.97019 0.5417 1.7333
S chr_low 0 chr_frentista_walk4_4 0.326660 0.160889 0.344971 0.211670 0.49757 0.97714 0.6250 1.7333
S chr_low 0 chr_frentista_walk5_0 0.346436 0.160889 0.364746 0.211670 0.49747 0.96604 0.6250 1.7333
S chr_low 0 chr_frentista_walk5_7 0.366211 0.160889 0.384766 0.211670 0.42877 0.96633 0.6333 1.7333
S chr_low 0 chr_mecanico_idle0_1 0.386230 0.160889 0.402100 0.211670 0.49694 0.97019 0.5417 1.7333
S chr_low 0 chr_mecanico_walk0_1 0.403564 0.160889 0.422363 0.211670 0.57824 0.97405 0.6417 1.7333
S chr_low 0 chr_mecanico_walk1_0 0.423828 0.160889 0.444336 0.211670 0.49747 0.96604 0.7000 1.7333
S chr_low 0 chr_mecanico_walk1_1 0.445801 0.160889 0.465820 0.211670 0.55621 0.96633 0.6833 1.7333
S chr_low 0 chr_player_run3_8 0.467285 0.160889 0.485596 0.211670 0.49711 0.97790 0.6250 1.7333
S chr_low 0 chr_mecanico_walk2_5 0.487061 0.160889 0.510010 0.211670 0.45383 0.96402 0.7833 1.7333
S chr_low 0 chr_mecanico_walk6_3 0.511475 0.160889 0.534424 0.211670 0.54519 0.96402 0.7833 1.7333
S chr_low 0 chr_mecanico_walk5_7 0.535889 0.160889 0.555908 0.211670 0.43710 0.96633 0.6833 1.7333
S chr_low 0 chr_player_run4_11 0.557373 0.160889 0.575195 0.211670 0.24191 0.97821 0.6083 1.7333
S chr_low 0 chr_mecanico_walk5_0 0.576660 0.160889 0.597168 0.211670 0.49747 0.96604 0.7000 1.7333
S chr_low 0 chr_mecanico_walk4_7 0.598633 0.160889 0.617432 0.211670 0.41949 0.97405 0.6417 1.7333
S chr_low 0 chr_jovem_moletom_walk5_7 0.618896 0.160889 0.637207 0.211670 0.42580 0.96684 0.6250 1.7333
S chr_low 0 chr_player_walk1_2 0.638672 0.160889 0.657227 0.211670 0.56729 0.96375 0.6333 1.7333
S chr_low 0 chr_jovem_moletom_walk1_0 0.658691 0.160889 0.676514 0.211670 0.50088 0.96574 0.6083 1.7333
S chr_low 0 chr_jovem_moletom_walk1_1 0.677979 0.160889 0.696045 0.211670 0.57097 0.96684 0.6167 1.7333
S chr_low 0 chr_corredor_walk4_6 0.697510 0.160889 0.713623 0.211670 0.34432 0.98297 0.5500 1.7333
S chr_low 0 chr_player_walk5_0 0.715088 0.160889 0.733398 0.211670 0.49747 0.96317 0.6250 1.7333
S chr_low 0 chr_player_walk4_11 0.734863 0.160889 0.748779 0.211670 0.33651 0.97441 0.4750 1.7333
S chr_low 0 chr_player_walk4_8 0.750244 0.160889 0.768555 0.211670 0.49757 0.97663 0.6250 1.7333
S chr_low 0 chr_jovem_moletom_walk5_0 0.770020 0.160889 0.787842 0.211670 0.50088 0.96574 0.6083 1.7333
S chr_low 0 chr_player_walk5_14 0.789307 0.160889 0.807861 0.211670 0.42877 0.96375 0.6333 1.7333
S chr_low 0 chr_corredor_walk2_0 0.809326 0.160889 0.827881 0.211670 0.49573 0.96500 0.6333 1.7333
S chr_low 0 chr_player_idle0_11 0.829346 0.160889 0.840820 0.211670 0.57115 0.97055 0.3917 1.7333
S chr_low 0 chr_corredor_idle0_2 0.842285 0.160889 0.851807 0.211670 0.40400 0.97907 0.3250 1.7333
S chr_low 0 chr_player_idle0_8 0.853271 0.160889 0.871582 0.211670 0.49757 0.97277 0.6250 1.7333
S chr_low 0 chr_player_idle0_5 0.873047 0.160889 0.884521 0.211670 0.41603 0.97055 0.3917 1.7333
S chr_low 0 chr_corredor_idle0_6 0.885986 0.160889 0.895508 0.211670 0.58269 0.97907 0.3250 1.7333
S chr_low 0 chr_corredor_walk0_2 0.896973 0.160889 0.913086 0.211670 0.65689 0.98297 0.5500 1.7333
S chr_low 0 chr_homem_polo_walk2_3 0.914551 0.160889 0.943604 0.211670 0.47387 0.98888 0.9917 1.7333
S chr_low 0 chr_homem_polo_walk3_6 0.945068 0.160889 0.975342 0.211670 0.45668 0.99448 1.0333 1.7333
S chr_low 0 chr_homem_polo_walk4_1 0.976807 0.160889 0.991455 0.211670 0.49509 1.00062 0.5000 1.7333
S chr_low 0 chr_player_run0_5 0.000732 0.213379 0.018555 0.264160 0.75230 0.97821 0.6083 1.7333
S chr_low 0 chr_corredor_walk6_0 0.020020 0.213379 0.038574 0.264160 0.49573 0.96500 0.6333 1.7333
S chr_low 0 chr_homem_polo_walk6_5 0.040039 0.213379 0.069092 0.264160 0.52494 0.98888 0.9917 1.7333
S chr_low 0 chr_player_walk0_5 0.070557 0.213379 0.084473 0.264160 0.65555 0.97441 0.4750 1.7333
S chr_low 0 chr_player_walk0_8 0.085938 0.213379 0.104248 0.264160 0.49757 0.97663 0.6250 1.7333
S chr_low 0 chr_homem_polo_walk7_2 0.105713 0.213379 0.135986 0.264160 0.54050 0.99448 1.0333 1.7333
S chr_low 0 chr_player_walk1_0 0.137451 0.213379 0.155762 0.264160 0.49747 0.96317 0.6250 1.7333
S chr_low 0 chr_player_walk2_1 0.157227 0.213379 0.176514 0.263916 0.52996 0.96021 0.6583 1.7250
S chr_low 0 chr_player_walk0_2 0.177979 0.213379 0.195801 0.263916 0.59597 0.97617 0.6083 1.7250
S chr_low 0 chr_frentista_walk2_5 0.197266 0.213379 0.219971 0.263916 0.46966 0.96563 0.7750 1.7250
S chr_low 0 chr_player_walk0_3 0.221436 0.213379 0.239502 0.263916 0.62907 0.97692 0.6167 1.7250
S chr_low 0 chr_mecanico_walk0_2 0.240967 0.213379 0.257080 0.263916 0.65039 0.98025 0.5500 1.7250
S chr_low 0 chr_corredor_walk2_1 0.258545 0.213379 0.281494 0.263916 0.52384 0.97025 0.7833 1.7250
S chr_low 0 chr_mecanico_idle0_6 0.282959 0.213379 0.292725 0.263916 0.56250 0.97637 0.3333 1.7250
S chr_low 0 chr_corredor_walk3_3 0.294189 0.213379 0.321533 0.263916 0.53355 0.98221 0.9333 1.7250
S chr_low 0 chr_player_run7_7 0.322998 0.213379 0.345459 0.263916 0.59347 0.98036 0.7667 1.7250
S chr_low 0 chr_mecanico_idle0_2 0.346924 0.213379 0.356689 0.263916 0.43680 0.97637 0.3333 1.7250
S chr_low 0 chr_player_walk1_11 0.358154 0.213379 0.375000 0.263916 0.39906 0.97136 0.5750 1.7250
S chr_low 0 chr_player_walk1_7 0.376465 0.213379 0.393799 0.263916 0.49563 0.97329 0.5917 1.7250
S chr_low 0 chr_player_idle0_13 0.395264 0.213379 0.406738 0.263916 0.57115 0.97304 0.3917 1.7250
S chr_low 0 chr_frentista_walk4_6 0.408203 0.213379 0.424316 0.263916 0.34091 0.97975 0.5500 1.7250
S chr_low 0 chr_frentista_walk2_0 0.425781 0.213379 0.444092 0.263916 0.49737 0.96295 0.6250 1.7250
S chr_low 0 chr_frentista_walk6_3 0.445557 0.213379 0.468262 0.263916 0.52423 0.96563 0.7750 1.7250
S chr_low 0 chr_frentista_walk4_7 0.469727 0.213379 0.487549 0.263916 0.39507 0.97876 0.6083 1.7250
S chr_low 0 chr_corredor_walk6_7 0.489014 0.213379 0.511963 0.263916 0.46931 0.97025 0.7833 1.7250
S chr_low 0 chr_frentista_walk6_0 0.513428 0.213379 0.531738 0.263916 0.49737 0.96295 0.6250 1.7250
S chr_low 0 chr_player_idle0_14 0.533203 0.213379 0.547363 0.263916 0.49724 0.97229 0.4833 1.7250
S chr_low 0 chr_mecanico_walk2_0 0.548828 0.213379 0.569336 0.263916 0.49737 0.96295 0.7000 1.7250
S chr_low 0 chr_homem_polo_walk3_0 0.570801 0.213379 0.589600 0.263916 0.49909 0.99686 0.6417 1.7250
S chr_low 0 chr_corredor_walk7_5 0.591064 0.213379 0.618408 0.263916 0.46562 0.98221 0.9333 1.7250
S chr_low 0 chr_frentista_idle0_2 0.619873 0.213379 0.629150 0.263916 0.41053 0.97587 0.3167 1.7250
S chr_low 0 chr_frentista_idle0_1 0.630615 0.213379 0.644775 0.263916 0.49724 0.97488 0.4833 1.7250
S chr_low 0 chr_homem_polo_walk7_0 0.646240 0.213379 0.665039 0.263916 0.49909 0.99686 0.6417 1.7250
S chr_low 0 chr_jovem_moletom_idle0_1 0.666504 0.213379 0.680908 0.263916 0.50839 0.97532 0.4917 1.7250
S chr_low 0 chr_player_walk6_15 0.682373 0.213379 0.701660 0.263916 0.46725 0.96021 0.6583 1.7250
S chr_low 0 chr_jovem_moletom_idle0_2 0.703125 0.213379 0.715576 0.263916 0.55341 0.97815 0.4250 1.7250
S chr_low 0 chr_jovem_moletom_idle0_6 0.717041 0.213379 0.729492 0.263916 0.43235 0.97815 0.4250 1.7250
S chr_low 0 chr_jovem_moletom_idle0_7 0.730957 0.213379 0.745361 0.263916 0.47904 0.97532 0.4917 1.7250
S chr_low 0 chr_jovem_moletom_walk0_1 0.746826 0.213379 0.764160 0.263916 0.60051 0.97912 0.5917 1.7250
S chr_low 0 chr_jovem_moletom_walk0_2 0.765625 0.213379 0.781250 0.263916 0.65730 0.98195 0.5333 1.7250
S chr_low 0 chr_player_run3_9 0.782715 0.213379 0.805176 0.263916 0.40286 0.98036 0.7667 1.7250
S chr_low 0 chr_player_idle0_2 0.806641 0.213379 0.820801 0.263916 0.49724 0.97229 0.4833 1.7250
S chr_low 0 chr_frentista_idle0_6 0.822266 0.213379 0.831543 0.263916 0.59211 0.97587 0.3167 1.7250
S chr_low 0 chr_mecanico_walk6_0 0.833008 0.213379 0.853516 0.263916 0.49737 0.96295 0.7000 1.7250
S chr_low 0 chr_jovem_moletom_walk2_5 0.854980 0.213379 0.877197 0.263916 0.47038 0.96978 0.7583 1.7250
S chr_low 0 chr_player_walk5_9 0.878662 0.213379 0.895996 0.263916 0.49563 0.97329 0.5917 1.7250
S chr_low 0 chr_player_walk5_5 0.897461 0.213379 0.914307 0.263916 0.59930 0.97136 0.5750 1.7250
S chr_low 0 chr_jovem_moletom_walk4_6 0.915771 0.213379 0.931396 0.263916 0.34453 0.98195 0.5333 1.7250
S chr_low 0 chr_mecanico_walk4_6 0.932861 0.213379 0.948975 0.263916 0.34091 0.98025 0.5500 1.7250
S chr_low 0 chr_player_walk4_14 0.950439 0.213379 0.968262 0.263916 0.39507 0.97617 0.6083 1.7250
S chr_low 0 chr_player_walk4_13 0.969727 0.213379 0.987793 0.263916 0.36276 0.97692 0.6167 1.7250
S chr_low 0 chr_jovem_moletom_walk4_7 0.000732 0.265625 0.018066 0.316162 0.39808 0.97912 0.5917 1.7250
S chr_low 0 chr_frentista_idle0_7 0.019531 0.265625 0.033691 0.316162 0.49724 0.97488 0.4833 1.7250
S chr_low 0 chr_jovem_moletom_walk6_3 0.035156 0.265625 0.057373 0.316162 0.52504 0.96978 0.7583 1.7250
S chr_low 0 chr_frentista_walk0_1 0.058838 0.265625 0.076660 0.316162 0.59597 0.97876 0.6083 1.7250
S chr_low 0 chr_frentista_walk0_2 0.078125 0.265625 0.094238 0.316162 0.65039 0.97975 0.5500 1.7250
S chr_low 0 chr_player_idle0_3 0.095703 0.265625 0.107178 0.316162 0.41603 0.97304 0.3917 1.7250
S chr_low 0 chr_player_idle0_1 0.108643 0.265625 0.125977 0.315918 0.49689 0.97657 0.5917 1.7167
S chr_low 0 chr_mecanico_walk2_1 0.127441 0.265625 0.150391 0.315918 0.54519 0.96791 0.7833 1.7167
S chr_low 0 chr_homem_polo_walk2_7 0.151855 0.265625 0.180908 0.315918 0.52494 0.99427 0.9917 1.7167
S chr_low 0 chr_homem_polo_walk0_6 0.182373 0.265625 0.198975 0.315918 0.34081 1.01217 0.5667 1.7167
S chr_low 0 chr_homem_polo_walk4_2 0.200439 0.265625 0.217041 0.315918 0.65019 1.01217 0.5667 1.7167
S chr_low 0 chr_homem_polo_walk6_1 0.218506 0.265625 0.247559 0.315918 0.47387 0.99427 0.9917 1.7167
S chr_low 0 chr_mecanico_walk6_7 0.249023 0.265625 0.271973 0.315918 0.45383 0.96791 0.7833 1.7167
S chr_low 0 chr_jovem_moletom_walk2_0 0.273438 0.265625 0.291260 0.315918 0.50078 0.96747 0.6083 1.7167
S chr_low 0 chr_jovem_moletom_walk6_0 0.292725 0.265625 0.310547 0.315918 0.50078 0.96747 0.6083 1.7167
S chr_low 0 chr_corredor_idle0_0 0.312012 0.265625 0.330566 0.315918 0.49594 0.98619 0.6333 1.7167
S chr_low 0 chr_corredor_walk5_5 0.332031 0.265625 0.352295 0.315918 0.43785 0.98697 0.6917 1.7167
S chr_low 0 chr_corredor_walk0_0 0.353760 0.265625 0.372314 0.315918 0.49594 0.99013 0.6333 1.7167
S chr_low 0 chr_corredor_walk0_5 0.373779 0.265625 0.391602 0.315918 0.39902 0.99485 0.6083 1.7167
S chr_low 0 chr_corredor_walk1_3 0.393066 0.265625 0.413330 0.315918 0.55627 0.98697 0.6917 1.7167
S chr_low 0 chr_corredor_walk1_6 0.414795 0.265625 0.434326 0.315918 0.42050 0.98464 0.6667 1.7167
S chr_low 0 chr_corredor_walk4_0 0.435791 0.265625 0.454346 0.315918 0.49594 0.99013 0.6333 1.7167
S chr_low 0 chr_corredor_walk4_3 0.455811 0.265625 0.473633 0.315918 0.60193 0.99485 0.6083 1.7167
S chr_low 0 chr_corredor_walk5_2 0.475098 0.265625 0.494629 0.315918 0.58139 0.98464 0.6667 1.7167
S chr_low 0 chr_player_walk0_9 0.496094 0.265625 0.513428 0.315918 0.49689 0.98582 0.5917 1.7167
S chr_low 0 chr_player_walk4_15 0.514893 0.265625 0.532227 0.315918 0.49689 0.98047 0.5917 1.7167
S chr_low 0 chr_player_run5_7 0.533691 0.265625 0.556152 0.315918 0.59347 0.98511 0.7667 1.7167
S chr_low 0 chr_player_idle0_15 0.557617 0.265625 0.574951 0.315918 0.49689 0.97657 0.5917 1.7167
S chr_low 0 chr_player_run0_10 0.576416 0.265625 0.597412 0.315918 0.33050 0.99631 0.7167 1.7167
S chr_low 0 chr_player_run1_9 0.598877 0.265625 0.621338 0.315918 0.40286 0.98511 0.7667 1.7167
S chr_low 0 chr_player_run5_8 0.622803 0.265625 0.641113 0.315918 0.49711 0.98740 0.6250 1.7167
S chr_low 0 chr_player_walk0_1 0.642578 0.265625 0.659912 0.315918 0.49689 0.98047 0.5917 1.7167
S chr_low 0 chr_player_run1_8 0.661377 0.265625 0.679688 0.315918 0.49711 0.98740 0.6250 1.7167
S chr_low 0 chr_player_walk2_7 0.681152 0.265625 0.701416 0.315918 0.48099 0.97022 0.6917 1.7167
S chr_low 0 chr_player_walk0_4 0.702881 0.265625 0.718994 0.315918 0.65039 0.98269 0.5500 1.7167
S chr_low 0 chr_player_walk2_10 0.720459 0.265625 0.743164 0.315918 0.46966 0.96940 0.7750 1.7167
S chr_low 0 chr_player_walk4_12 0.744629 0.265625 0.760742 0.315918 0.34091 0.98269 0.5500 1.7167
S chr_low 0 chr_player_walk6_9 0.762207 0.265625 0.782471 0.315918 0.51946 0.97022 0.6917 1.7167
S chr_low 0 chr_player_walk5_1 0.783936 0.265625 0.801270 0.315918 0.49563 0.97267 0.5917 1.7167
S chr_low 0 chr_player_walk6_6 0.802734 0.265625 0.825439 0.315918 0.52423 0.96940 0.7750 1.7167
S chr_low 0 chr_player_walk6_0 0.826904 0.265625 0.845215 0.315918 0.49737 0.96473 0.6250 1.7167
S chr_low 0 chr_player_walk2_0 0.846680 0.265625 0.864990 0.315918 0.49737 0.96473 0.6250 1.7167
S chr_low 0 chr_player_walk4_7 0.866455 0.265625 0.883789 0.315918 0.49689 0.98582 0.5917 1.7167
S chr_low 0 chr_player_idle0_12 0.885254 0.265625 0.894531 0.315918 0.59211 0.97879 0.3167 1.7167
S chr_low 0 chr_player_idle0_4 0.895996 0.265625 0.905273 0.315918 0.41053 0.97879 0.3167 1.7167
S chr_low 0 chr_player_walk1_15 0.906738 0.265625 0.924072 0.315918 0.49563 0.97267 0.5917 1.7167
S chr_low 0 chr_player_run4_6 0.925537 0.265625 0.946533 0.315918 0.66147 0.99631 0.7167 1.7167
S chr_low 0 chr_jovem_moletom_walk4_3 0.947998 0.265625 0.965332 0.315674 0.60051 0.99460 0.5917 1.7083
S chr_low 0 chr_corredor_walk5_1 0.966797 0.265625 0.987061 0.315674 0.55627 0.98763 0.6917 1.7083
S chr_low 0 chr_mecanico_walk3_3 0.000732 0.317627 0.028320 0.367676 0.53261 0.98596 0.9417 1.7083
S chr_low 0 chr_jovem_moletom_walk3_3 0.029785 0.317627 0.056396 0.367676 0.53195 0.98692 0.9083 1.7083
S chr_low 0 chr_frentista_walk7_5 0.057861 0.317627 0.084961 0.367676 0.46517 0.98289 0.9250 1.7083
S chr_low 0 chr_player_run3_7 0.086426 0.317627 0.111084 0.367676 0.52692 0.98992 0.8417 1.7083
S chr_low 0 chr_mecanico_idle0_0 0.112549 0.317627 0.133057 0.367676 0.49757 0.98410 0.7000 1.7083
S chr_low 0 chr_frentista_walk6_7 0.134521 0.317627 0.157227 0.367676 0.46966 0.97263 0.7750 1.7083
S chr_low 0 chr_corredor_walk1_2 0.158691 0.317627 0.178223 0.367676 0.58139 0.98944 0.6667 1.7083
S chr_low 0 chr_jovem_moletom_walk7_5 0.179688 0.317627 0.206299 0.367676 0.46423 0.98692 0.9083 1.7083
S chr_low 0 chr_mecanico_walk5_2 0.207764 0.317627 0.227295 0.367676 0.57563 0.98198 0.6667 1.7083
S chr_low 0 chr_jovem_moletom_walk0_5 0.228760 0.317627 0.246094 0.367676 0.39808 0.99460 0.5917 1.7083
S chr_low 0 chr_jovem_moletom_walk6_7 0.247559 0.317627 0.269775 0.367676 0.47038 0.97331 0.7583 1.7083
S chr_low 0 chr_jovem_moletom_walk1_3 0.271240 0.317627 0.290771 0.367676 0.55999 0.98692 0.6667 1.7083
S chr_low 0 chr_jovem_moletom_walk0_0 0.292236 0.317627 0.310059 0.367676 0.50098 0.98755 0.6083 1.7083
S chr_low 0 chr_player_walk5_13 0.311523 0.317627 0.328369 0.367676 0.39906 0.97861 0.5750 1.7083
S chr_low 0 chr_jovem_moletom_walk1_6 0.329834 0.317627 0.348877 0.367676 0.41848 0.98385 0.6500 1.7083
S chr_low 0 chr_player_walk2_2 0.350342 0.317627 0.373047 0.367676 0.52423 0.97002 0.7750 1.7083
S chr_low 0 chr_jovem_moletom_walk2_1 0.374512 0.317627 0.396729 0.367676 0.52504 0.97331 0.7583 1.7083
S chr_low 0 chr_mecanico_walk4_0 0.398193 0.317627 0.418701 0.367676 0.49757 0.98802 0.7000 1.7083
S chr_low 0 chr_corredor_walk1_7 0.420166 0.317627 0.440430 0.367676 0.43785 0.98763 0.6917 1.7083
S chr_low 0 chr_frentista_idle0_0 0.441895 0.317627 0.460205 0.367676 0.49757 0.98410 0.6250 1.7083
S chr_low 0 chr_player_walk1_3 0.461670 0.317627 0.478516 0.367676 0.59930 0.97861 0.5750 1.7083
S chr_low 0 chr_player_walk6_14 0.479980 0.317627 0.502686 0.367676 0.46966 0.97002 0.7750 1.7083
S chr_low 0 chr_mecanico_walk4_3 0.504150 0.317627 0.522949 0.367676 0.57824 0.99380 0.6417 1.7083
S chr_low 0 chr_jovem_moletom_idle0_0 0.524414 0.317627 0.542236 0.367676 0.50098 0.98371 0.6083 1.7083
S chr_low 0 chr_mecanico_walk5_5 0.543701 0.317627 0.564209 0.367676 0.44047 0.98596 0.7000 1.7083
S chr_low 0 chr_homem_polo_walk7_7 0.565674 0.317627 0.585205 0.367676 0.44629 1.00719 0.6667 1.7083
S chr_low 0 chr_jovem_moletom_walk4_0 0.586670 0.317627 0.604492 0.367676 0.50098 0.98755 0.6083 1.7083
S chr_low 0 chr_jovem_moletom_walk5_5 0.605957 0.317627 0.625488 0.367676 0.44077 0.98692 0.6667 1.7083
S chr_low 0 chr_frentista_walk0_0 0.626953 0.317627 0.645264 0.367676 0.49757 0.98802 0.6250 1.7083
S chr_low 0 chr_player_run1_10 0.646729 0.317627 0.672363 0.367676 0.34021 0.98438 0.8750 1.7083
S chr_low 0 chr_frentista_walk2_1 0.673828 0.317627 0.696533 0.367676 0.52423 0.97263 0.7750 1.7083
S chr_low 0 chr_mecanico_walk0_5 0.697998 0.317627 0.716797 0.367676 0.41949 0.99380 0.6417 1.7083
S chr_low 0 chr_homem_polo_walk3_1 0.718262 0.317627 0.737793 0.367676 0.55509 1.00719 0.6667 1.7083
S chr_low 0 chr_mecanico_walk7_5 0.739258 0.317627 0.766846 0.367676 0.46594 0.98596 0.9417 1.7083
S chr_low 0 chr_frentista_walk3_3 0.768311 0.317627 0.795410 0.367676 0.53303 0.98289 0.9250 1.7083
S chr_low 0 chr_player_run5_6 0.796875 0.317627 0.822510 0.367676 0.65895 0.98438 0.8750 1.7083
S chr_low 0 chr_frentista_walk4_0 0.823975 0.317627 0.842285 0.367676 0.49757 0.98802 0.6250 1.7083
S chr_low 0 chr_mecanico_walk0_0 0.843750 0.317627 0.864258 0.367676 0.49757 0.98802 0.7000 1.7083
S chr_low 0 chr_player_walk3_11 0.865723 0.317627 0.891602 0.367676 0.45269 0.98084 0.8833 1.7083
S chr_low 0 chr_player_run7_9 0.893066 0.317627 0.917725 0.367676 0.47405 0.98992 0.8417 1.7083
S chr_low 0 chr_player_walk7_5 0.919189 0.317627 0.945068 0.367676 0.54554 0.98084 0.8833 1.7083
S chr_low 0 chr_mecanico_walk1_6 0.946533 0.317627 0.966064 0.367676 0.41634 0.98198 0.6667 1.7083
S chr_low 0 chr_player_walk7_10 0.967529 0.317627 0.994629 0.367676 0.46517 0.98197 0.9250 1.7083
S chr_low 0 chr_corredor_walk5_6 0.000732 0.369141 0.020264 0.419189 0.42050 0.98944 0.6667 1.7083
S chr_low 0 chr_mecanico_walk1_3 0.021729 0.369141 0.042236 0.419189 0.55633 0.98596 0.7000 1.7083
S chr_low 0 chr_frentista_walk4_3 0.043701 0.369141 0.061523 0.419189 0.59597 0.99073 0.6083 1.7083
S chr_low 0 chr_frentista_walk0_5 0.062988 0.369141 0.080811 0.419189 0.39507 0.99073 0.6083 1.7083
S chr_low 0 chr_jovem_moletom_walk5_2 0.082275 0.369141 0.101318 0.419189 0.57859 0.98385 0.6500 1.7083
S chr_low 0 chr_player_walk3_6 0.102783 0.369141 0.129883 0.419189 0.53303 0.98197 0.9250 1.7083
S chr_low 0 chr_player_run0_4 0.131348 0.369141 0.152100 0.418945 0.72745 0.98690 0.7083 1.7000
S chr_low 0 chr_player_idle0_0 0.153564 0.369141 0.171875 0.418945 0.49757 0.98600 0.6250 1.7000
S chr_low 0 chr_corredor_walk2_3 0.173340 0.369141 0.201904 0.418945 0.47261 0.98870 0.9750 1.7000
S chr_low 0 chr_frentista_walk1_6 0.203369 0.369141 0.222900 0.418945 0.41634 0.98628 0.6667 1.7000
S chr_low 0 chr_player_walk1_6 0.224365 0.369141 0.244385 0.418945 0.55748 0.98678 0.6833 1.7000
S chr_low 0 chr_corredor_walk7_2 0.245850 0.369141 0.275635 0.418945 0.53869 0.99429 1.0167 1.7000
S chr_low 0 chr_jovem_moletom_walk1_2 0.277100 0.369141 0.296143 0.418945 0.57859 0.98867 0.6500 1.7000
S chr_low 0 chr_corredor_walk4_1 0.297607 0.369141 0.312012 0.418945 0.49370 1.00043 0.4917 1.7000
S chr_low 0 chr_frentista_walk1_3 0.313477 0.369141 0.333496 0.418945 0.55748 0.98771 0.6833 1.7000
S chr_low 0 chr_mecanico_walk1_2 0.334961 0.369141 0.354492 0.418945 0.57563 0.98679 0.6667 1.7000
S chr_low 0 chr_player_walk1_12 0.355957 0.369141 0.375488 0.418945 0.41634 0.98445 0.6667 1.7000
S chr_low 0 chr_player_walk6_1 0.376953 0.369141 0.397217 0.418945 0.48099 0.97433 0.6917 1.7000
S chr_low 0 chr_corredor_walk3_6 0.398682 0.369141 0.428467 0.418945 0.45515 0.99429 1.0167 1.7000
S chr_low 0 chr_mecanico_walk5_6 0.429932 0.369141 0.449463 0.418945 0.41634 0.98679 0.6667 1.7000
S chr_low 0 chr_player_run1_7 0.450928 0.369141 0.469482 0.418945 0.58817 0.99477 0.6333 1.7000
S chr_low 0 chr_player_walk0_10 0.470947 0.369141 0.488770 0.418945 0.39507 0.99466 0.6083 1.7000
S chr_low 0 chr_frentista_walk5_5 0.490234 0.369141 0.510254 0.418945 0.43880 0.98771 0.6833 1.7000
S chr_low 0 chr_player_walk4_6 0.511719 0.369141 0.529541 0.418945 0.59597 0.99466 0.6083 1.7000
S chr_low 0 chr_frentista_walk5_2 0.531006 0.369141 0.550537 0.418945 0.57563 0.98628 0.6667 1.7000
S chr_low 0 chr_player_walk0_0 0.552002 0.369141 0.570312 0.418945 0.49757 0.98993 0.6250 1.7000
S chr_low 0 chr_corredor_walk0_7 0.571777 0.369141 0.586182 0.418945 0.49370 1.00043 0.4917 1.7000
S chr_low 0 chr_player_run4_12 0.587646 0.369141 0.608398 0.418945 0.26471 0.98690 0.7083 1.7000
S chr_low 0 chr_homem_polo_walk2_2 0.609863 0.369141 0.641846 0.418945 0.46253 1.00587 1.0917 1.7000
S chr_low 0 chr_homem_polo_walk6_6 0.643311 0.369141 0.675293 0.418945 0.53138 1.00587 1.0917 1.7000
S chr_low 0 chr_player_walk2_15 0.676758 0.369141 0.697021 0.418945 0.51946 0.97433 0.6917 1.7000
S chr_low 0 chr_player_run5_9 0.698486 0.369141 0.717041 0.418945 0.41237 0.99477 0.6333 1.7000
S chr_low 0 chr_jovem_moletom_walk5_6 0.718506 0.369141 0.737549 0.418945 0.41848 0.98867 0.6500 1.7000
S chr_low 0 chr_player_walk5_4 0.739014 0.369141 0.758545 0.418945 0.57563 0.98445 0.6667 1.7000
S chr_low 0 chr_player_walk4_0 0.760010 0.369141 0.778320 0.418945 0.49757 0.98993 0.6250 1.7000
S chr_low 0 chr_player_walk5_10 0.779785 0.369141 0.799805 0.418945 0.43880 0.98678 0.6833 1.7000
S chr_low 0 chr_player_walk0_15 0.801270 0.369141 0.818604 0.418701 0.49689 0.99496 0.5917 1.6917
S chr_low 0 chr_mecanico_walk4_1 0.820068 0.369141 0.835938 0.418701 0.49694 0.99804 0.5417 1.6917
S chr_low 0 chr_mecanico_walk0_7 0.837402 0.369141 0.853271 0.418701 0.49694 0.99804 0.5417 1.6917
S chr_low 0 chr_mecanico_walk3_6 0.854736 0.369141 0.884033 0.418701 0.45816 0.99165 1.0000 1.6917
S chr_low 0 chr_mecanico_walk1_7 0.885498 0.369141 0.906006 0.418701 0.44047 0.99013 0.7000 1.6917
S chr_low 0 chr_player_run4_13 0.907471 0.369141 0.929688 0.418701 0.29499 0.98154 0.7583 1.6917
S chr_low 0 chr_mulher_vestido_walk7_4 0.931152 0.369141 0.947266 0.418701 0.49945 0.95832 0.5500 1.6917
S chr_low 0 chr_vizinho_walk3_4 0.948730 0.369141 0.967773 0.418701 0.49594 0.95767 0.6500 1.6917
S chr_low 0 chr_homem_polo_walk6_2 0.000732 0.420654 0.032715 0.470215 0.46253 1.01083 1.0917 1.6917
S chr_low 0 chr_mulher_rosa_walk7_4 0.034180 0.420654 0.050781 0.470215 0.49513 0.95490 0.5667 1.6917
S chr_low 0 chr_vizinho_walk7_4 0.052246 0.420654 0.071289 0.470215 0.49594 0.95767 0.6500 1.6917
S chr_low 0 chr_mulher_rosa_walk3_4 0.072754 0.420654 0.089355 0.470215 0.49513 0.95490 0.5667 1.6917
S chr_low 0 chr_jovem_moletom_walk7_2 0.090820 0.420654 0.119629 0.470215 0.54041 0.99354 0.9833 1.6917
S chr_low 0 chr_jovem_moletom_walk5_1 0.121094 0.420654 0.140625 0.470215 0.55999 0.99066 0.6667 1.6917
S chr_low 0 chr_frentista_walk5_6 0.142090 0.420654 0.161621 0.470215 0.41634 0.99114 0.6667 1.6917
S chr_low 0 chr_frentista_walk5_1 0.163086 0.420654 0.183105 0.470215 0.55748 0.99013 0.6833 1.6917
S chr_low 0 chr_mecanico_walk7_2 0.184570 0.420654 0.213867 0.470215 0.54225 0.99165 1.0000 1.6917
S chr_low 0 chr_frentista_walk4_1 0.215332 0.420654 0.229492 0.470215 0.49724 0.99804 0.4833 1.6917
S chr_low 0 chr_corredor_walk6_5 0.230957 0.420654 0.259521 0.470215 0.52355 0.99357 0.9750 1.6917
S chr_low 0 chr_player_run3_10 0.260986 0.420654 0.290771 0.470215 0.43016 0.99407 1.0167 1.6917
S chr_low 0 chr_corredor_walk3_0 0.292236 0.420654 0.310791 0.470215 0.49583 0.99677 0.6333 1.6917
S chr_low 0 chr_corredor_walk7_0 0.312256 0.420654 0.330811 0.470215 0.49583 0.99677 0.6333 1.6917
S chr_low 0 chr_frentista_walk1_7 0.332275 0.420654 0.352295 0.470215 0.43880 0.99013 0.6833 1.6917
S chr_low 0 chr_frentista_walk1_2 0.353760 0.420654 0.373291 0.470215 0.57563 0.99114 0.6667 1.6917
S chr_low 0 chr_player_run7_6 0.374756 0.420654 0.404541 0.470215 0.56713 0.99407 1.0167 1.6917
S chr_low 0 chr_frentista_walk0_7 0.406006 0.420654 0.420166 0.470215 0.49724 0.99804 0.4833 1.6917
S chr_low 0 chr_player_walk4_1 0.421631 0.420654 0.438965 0.470215 0.49689 0.99496 0.5917 1.6917
S chr_low 0 chr_jovem_moletom_walk6_5 0.440430 0.420654 0.468018 0.470215 0.52598 0.98889 0.9417 1.6917
S chr_low 0 chr_homem_polo_walk2_6 0.469482 0.420654 0.501465 0.470215 0.53138 1.01083 1.0917 1.6917
S chr_low 0 chr_player_walk5_3 0.502930 0.420654 0.523926 0.470215 0.57482 0.98825 0.7167 1.6917
S chr_low 0 chr_mulher_vestido_walk3_4 0.525391 0.420654 0.541504 0.470215 0.49945 0.95832 0.5500 1.6917
S chr_low 0 chr_jovem_moletom_walk2_3 0.542969 0.420654 0.570557 0.470215 0.47481 0.98889 0.9417 1.6917
S chr_low 0 chr_player_walk1_4 0.572021 0.420654 0.591553 0.470215 0.57563 0.98930 0.6667 1.6917
S chr_low 0 chr_mecanico_walk5_1 0.593018 0.420654 0.613525 0.470215 0.55633 0.99013 0.7000 1.6917
S chr_low 0 chr_player_walk5_12 0.614990 0.420654 0.634521 0.470215 0.41634 0.98930 0.6667 1.6917
S chr_low 0 chr_jovem_moletom_walk1_7 0.635986 0.420654 0.655518 0.470215 0.44077 0.99066 0.6667 1.6917
S chr_low 0 chr_player_walk1_13 0.656982 0.420654 0.677979 0.470215 0.42697 0.98825 0.7167 1.6917
S chr_low 0 chr_jovem_moletom_walk3_6 0.679443 0.420654 0.708252 0.470215 0.45660 0.99354 0.9833 1.6917
S chr_low 0 chr_player_walk1_14 0.709717 0.420654 0.729736 0.470215 0.43880 0.98749 0.6833 1.6917
S chr_low 0 chr_jovem_moletom_walk4_1 0.731201 0.420654 0.745605 0.470215 0.50839 0.99841 0.4917 1.6917
S chr_low 0 chr_player_run0_3 0.747070 0.420654 0.769287 0.470215 0.70442 0.98154 0.7583 1.6917
S chr_low 0 chr_player_walk5_2 0.770752 0.420654 0.790771 0.470215 0.55748 0.98749 0.6833 1.6917
S chr_low 0 chr_jovem_moletom_walk0_7 0.792236 0.420654 0.806641 0.470215 0.47904 0.99841 0.4917 1.6917
S chr_low 0 chr_corredor_walk2_7 0.808105 0.420654 0.836670 0.469971 0.52355 0.99427 0.9750 1.6833
S chr_low 0 chr_vizinho_idle0_3 0.838135 0.420654 0.852783 0.469971 0.49836 0.96440 0.5000 1.6833
S chr_low 0 chr_vizinho_idle0_5 0.854248 0.420654 0.868896 0.469971 0.49836 0.96440 0.5000 1.6833
S chr_low 0 chr_player_run4_5 0.870361 0.420654 0.892578 0.469971 0.70442 1.00727 0.7583 1.6833
S chr_low 0 chr_vizinho_walk0_3 0.894043 0.420654 0.908691 0.469971 0.49836 0.96822 0.5000 1.6833
S chr_low 0 chr_mecanico_walk3_0 0.910156 0.420654 0.930664 0.469971 0.49747 0.99474 0.7000 1.6833
S chr_low 0 chr_mecanico_walk2_3 0.932129 0.420654 0.960938 0.469971 0.47260 0.99265 0.9833 1.6833
S chr_low 0 chr_vizinho_walk1_5 0.962402 0.420654 0.981201 0.469971 0.43333 0.96058 0.6417 1.6833
S chr_low 0 chr_mecanico_walk7_0 0.000732 0.471680 0.021240 0.520996 0.49747 0.99474 0.7000 1.6833
S chr_low 0 chr_player_run0_11 0.022705 0.471680 0.044922 0.520996 0.29499 1.00727 0.7583 1.6833
S chr_low 0 chr_mecanico_walk6_5 0.046387 0.471680 0.075195 0.520996 0.52260 0.99265 0.9833 1.6833
S chr_low 0 chr_player_walk3_1 0.076660 0.471680 0.094727 0.520996 0.52225 0.99193 0.6167 1.6833
S chr_low 0 chr_homem_polo_walk3_7 0.096191 0.471680 0.124023 0.520996 0.46651 1.02215 0.9500 1.6833
S chr_low 0 chr_player_walk7_15 0.125488 0.471680 0.143555 0.520996 0.47742 0.99193 0.6167 1.6833
S chr_low 0 chr_jovem_moletom_walk7_0 0.145020 0.471680 0.162842 0.520996 0.50088 0.99443 0.6083 1.6833
S chr_low 0 chr_player_walk3_12 0.164307 0.471680 0.193604 0.520996 0.45816 0.99420 1.0000 1.6833
S chr_low 0 chr_frentista_walk7_2 0.195068 0.471680 0.224365 0.520996 0.54225 0.99605 1.0000 1.6833
S chr_low 0 chr_frentista_walk7_0 0.225830 0.471680 0.244141 0.520996 0.49747 0.99474 0.6250 1.6833
S chr_low 0 chr_player_walk0_14 0.245605 0.471680 0.259766 0.520996 0.49724 1.00033 0.4833 1.6833
S chr_low 0 chr_frentista_walk6_5 0.261230 0.471680 0.289551 0.520996 0.52283 0.98954 0.9667 1.6833
S chr_low 0 chr_jovem_moletom_walk3_0 0.291016 0.471680 0.308838 0.520996 0.50088 0.99443 0.6083 1.6833
S chr_low 0 chr_mulher_vestido_walk3_5 0.310303 0.471680 0.328369 0.520996 0.45262 0.96003 0.6167 1.6833
S chr_low 0 chr_player_walk0_11 0.329834 0.471680 0.347900 0.520996 0.36276 1.00336 0.6167 1.6833
S chr_low 0 chr_corredor_walk4_2 0.349365 0.471680 0.365479 0.520996 0.65689 1.01217 0.5500 1.6833
S chr_low 0 chr_corredor_walk6_1 0.366943 0.471680 0.395508 0.520996 0.47261 0.99427 0.9750 1.6833
S chr_low 0 chr_player_walk4_5 0.396973 0.471680 0.415039 0.520996 0.62907 1.00336 0.6167 1.6833
S chr_low 0 chr_vizinho_walk5_3 0.416504 0.471680 0.435303 0.520996 0.55826 0.96058 0.6417 1.6833
S chr_low 0 chr_frentista_walk3_6 0.436768 0.471680 0.466064 0.520996 0.45816 0.99605 1.0000 1.6833
S chr_low 0 chr_vizinho_walk7_3 0.467529 0.471680 0.486328 0.520996 0.55826 0.96058 0.6417 1.6833
S chr_low 0 chr_player_walk6_10 0.487793 0.471680 0.516113 0.520996 0.52283 0.98860 0.9667 1.6833
S chr_low 0 chr_frentista_walk3_0 0.517578 0.471680 0.535889 0.520996 0.49747 0.99474 0.6250 1.6833
S chr_low 0 chr_mulher_vestido_walk7_3 0.537354 0.471680 0.555420 0.520996 0.54933 0.96003 0.6167 1.6833
S chr_low 0 chr_frentista_walk2_3 0.556885 0.471680 0.585205 0.520996 0.47197 0.98954 0.9667 1.6833
S chr_low 0 chr_vizinho_walk3_5 0.586670 0.471680 0.605469 0.520996 0.43333 0.96058 0.6417 1.6833
S chr_low 0 chr_corredor_walk0_6 0.606934 0.471680 0.623047 0.520996 0.34432 1.01217 0.5500 1.6833
S chr_low 0 chr_vizinho_walk4_5 0.624512 0.471680 0.639160 0.520996 0.49836 0.96822 0.5000 1.6833
S chr_low 0 chr_player_walk4_2 0.640625 0.471680 0.654785 0.520996 0.49724 1.00033 0.4833 1.6833
S chr_low 0 chr_player_walk7_4 0.656250 0.471680 0.685547 0.520996 0.54225 0.99420 1.0000 1.6833
S chr_low 0 chr_homem_polo_walk7_1 0.687012 0.471680 0.714844 0.520996 0.53457 1.02215 0.9500 1.6833
S chr_low 0 chr_mulher_rosa_idle0_3 0.716309 0.471680 0.731689 0.520752 0.57150 0.96697 0.5250 1.6750
S chr_low 0 chr_mulher_vestido_walk4_5 0.733154 0.471680 0.745850 0.520752 0.49001 0.97240 0.4333 1.6750
S chr_low 0 chr_mulher_rosa_walk0_3 0.747314 0.471680 0.763672 0.520752 0.60496 0.97080 0.5583 1.6750
S chr_low 0 chr_mulher_rosa_idle0_5 0.765137 0.471680 0.778076 0.520752 0.50561 0.96697 0.4417 1.6750
S chr_low 0 chr_player_run1_11 0.779541 0.471680 0.805420 0.520752 0.29598 0.99515 0.8833 1.6750
S chr_low 0 chr_mulher_rosa_walk2_4 0.806885 0.471680 0.823486 0.520752 0.49503 0.95673 0.5667 1.6750
S chr_low 0 chr_mulher_vestido_walk5_4 0.824951 0.471680 0.841064 0.520752 0.49945 0.96786 0.5500 1.6750
S chr_low 0 chr_mulher_rosa_walk1_5 0.842529 0.471680 0.860840 0.520752 0.46053 0.96313 0.6250 1.6750
S chr_low 0 chr_mulher_vestido_walk5_3 0.862305 0.471680 0.879150 0.520752 0.57356 0.96480 0.5750 1.6750
S chr_low 0 chr_mulher_rosa_walk1_4 0.880615 0.471680 0.897217 0.520752 0.49513 0.96440 0.5667 1.6750
S chr_low 0 chr_mulher_rosa_walk5_3 0.898682 0.471680 0.920654 0.520752 0.66138 0.96313 0.7500 1.6750
S chr_low 0 chr_mulher_vestido_walk1_4 0.922119 0.471680 0.938232 0.520752 0.49945 0.96786 0.5500 1.6750
S chr_low 0 chr_mulher_vestido_walk1_5 0.939697 0.471680 0.956543 0.520752 0.42251 0.96480 0.5750 1.6750
S chr_low 0 chr_vizinho_walk2_4 0.958008 0.471680 0.977051 0.520752 0.49584 0.95952 0.6500 1.6750
S chr_low 0 chr_mulher_rosa_walk7_3 0.000732 0.522461 0.023682 0.571533 0.63323 0.96313 0.7833 1.6750
S chr_low 0 chr_mulher_vestido_walk2_4 0.025146 0.522461 0.041260 0.571533 0.49935 0.96026 0.5500 1.6750
S chr_low 0 chr_mulher_vestido_walk0_3 0.042725 0.522461 0.055420 0.571533 0.49564 0.97240 0.4333 1.6750
S chr_low 0 chr_mulher_vestido_idle0_5 0.056885 0.522461 0.069580 0.571533 0.50842 0.96860 0.4333 1.6750
S chr_low 0 chr_mulher_rosa_walk6_4 0.071045 0.522461 0.087646 0.571533 0.49503 0.95673 0.5667 1.6750
S chr_low 0 chr_mulher_rosa_walk5_4 0.089111 0.522461 0.105713 0.571533 0.49513 0.96440 0.5667 1.6750
S chr_low 0 chr_vizinho_walk1_4 0.107178 0.522461 0.126221 0.571533 0.49594 0.96720 0.6500 1.6750
S chr_low 0 chr_vizinho_walk1_0 0.127686 0.522461 0.146729 0.571533 0.49594 0.96300 0.6500 1.6750
S chr_low 0 chr_mulher_vestido_idle0_3 0.148193 0.522461 0.160889 0.571533 0.49001 0.96860 0.4333 1.6750
S chr_low 0 chr_vizinho_walk5_0 0.162354 0.522461 0.181396 0.571533 0.49594 0.96300 0.6500 1.6750
S chr_low 0 chr_corredor_walk7_7 0.182861 0.522461 0.202148 0.571533 0.44316 1.00729 0.6583 1.6750
S chr_low 0 chr_vizinho_walk5_4 0.203613 0.522461 0.222656 0.571533 0.49594 0.96720 0.6500 1.6750
S chr_low 0 chr_mulher_rosa_walk4_5 0.224121 0.522461 0.236816 0.571533 0.50049 0.97080 0.4333 1.6750
S chr_low 0 chr_vizinho_walk5_7 0.238281 0.522461 0.257080 0.571533 0.43333 0.96323 0.6417 1.6750
S chr_low 0 chr_mulher_rosa_walk3_5 0.258545 0.522461 0.277100 0.571533 0.45447 0.96313 0.6333 1.6750
S chr_low 0 chr_vizinho_walk6_4 0.278564 0.522461 0.297607 0.571533 0.49584 0.95952 0.6500 1.6750
S chr_low 0 chr_mulher_vestido_walk6_4 0.299072 0.522461 0.315186 0.571533 0.49935 0.96026 0.5500 1.6750
S chr_low 0 chr_vizinho_walk1_1 0.316650 0.522461 0.335449 0.571533 0.55826 0.96323 0.6417 1.6750
S chr_low 0 chr_player_walk2_6 0.336914 0.522461 0.365234 0.571533 0.47197 0.99352 0.9667 1.6750
S chr_low 0 chr_player_walk0_13 0.366699 0.522461 0.380615 0.571533 0.33651 1.00608 0.4750 1.6750
S chr_low 0 chr_jovem_moletom_walk4_2 0.382080 0.522461 0.397705 0.571533 0.65730 1.01126 0.5333 1.6750
S chr_low 0 chr_player_run5_5 0.399170 0.522461 0.425049 0.571533 0.69631 0.99515 0.8833 1.6750
S chr_low 0 chr_mecanico_walk0_6 0.426514 0.522461 0.442627 0.571533 0.34091 1.00951 0.5500 1.6750
S chr_low 0 chr_jovem_moletom_walk2_7 0.444092 0.522461 0.471680 0.571533 0.52598 0.99268 0.9417 1.6750
S chr_low 0 chr_player_walk2_11 0.473145 0.522461 0.500488 0.571533 0.53361 0.99236 0.9333 1.6750
S chr_low 0 chr_player_walk5_11 0.501953 0.522461 0.522949 0.571533 0.42697 1.00036 0.7167 1.6750
S chr_low 0 chr_player_walk1_5 0.524414 0.522461 0.545410 0.571533 0.57482 1.00036 0.7167 1.6750
S chr_low 0 chr_frentista_walk0_6 0.546875 0.522461 0.562988 0.571533 0.34091 1.00899 0.5500 1.6750
S chr_low 0 chr_homem_polo_walk7_6 0.564453 0.522461 0.594727 0.571533 0.45668 1.02912 1.0333 1.6750
S chr_low 0 chr_player_walk2_3 0.596191 0.522461 0.623535 0.571533 0.46478 0.99009 0.9333 1.6750
S chr_low 0 chr_corredor_walk3_1 0.625000 0.522461 0.644287 0.571533 0.55121 1.00729 0.6583 1.6750
S chr_low 0 chr_player_walk7_0 0.645752 0.522461 0.664062 0.571533 0.49747 0.99672 0.6250 1.6750
S chr_low 0 chr_jovem_moletom_walk0_6 0.665527 0.522461 0.681152 0.571533 0.34453 1.01126 0.5333 1.6750
S chr_low 0 chr_player_walk6_13 0.682617 0.522461 0.709961 0.571533 0.53361 0.99009 0.9333 1.6750
S chr_low 0 chr_player_walk6_5 0.711426 0.522461 0.738770 0.571533 0.46478 0.99236 0.9333 1.6750
S chr_low 0 chr_frentista_walk4_2 0.740234 0.522461 0.756348 0.571533 0.65039 1.00899 0.5500 1.6750
S chr_low 0 chr_player_run4_14 0.757812 0.522461 0.778809 0.571533 0.33050 0.98312 0.7167 1.6750
S chr_low 0 chr_player_run0_2 0.780273 0.522461 0.801270 0.571533 0.66147 0.98312 0.7167 1.6750
S chr_low 0 chr_mecanico_walk4_2 0.802734 0.522461 0.818848 0.571533 0.65039 1.00951 0.5500 1.6750
S chr_low 0 chr_player_walk3_0 0.820312 0.522461 0.838623 0.571533 0.49747 0.99672 0.6250 1.6750
S chr_low 0 chr_player_walk4_3 0.840088 0.522461 0.854004 0.571533 0.65555 1.00608 0.4750 1.6750
S chr_low 0 chr_homem_polo_walk3_2 0.855469 0.522461 0.885742 0.571533 0.54050 1.02912 1.0333 1.6750
S chr_low 0 chr_frentista_walk3_1 0.887207 0.522461 0.906250 0.571289 0.55275 1.00498 0.6500 1.6667
S chr_low 0 chr_vizinho_idle0_4 0.907715 0.522461 0.926758 0.571289 0.49604 0.97589 0.6500 1.6667
S chr_low 0 chr_mulher_rosa_idle0_4 0.928223 0.522461 0.944824 0.571289 0.49523 0.97308 0.5667 1.6667
S chr_low 0 chr_jovem_moletom_walk6_1 0.946289 0.522461 0.973877 0.571289 0.47481 0.99765 0.9417 1.6667
S chr_low 0 chr_player_walk6_2 0.000732 0.572998 0.029053 0.621826 0.47197 0.99427 0.9667 1.6667
S chr_low 0 chr_mulher_rosa_walk0_4 0.030518 0.572998 0.047119 0.621826 0.49523 0.97693 0.5667 1.6667
S chr_low 0 chr_atendente_walk3_4 0.048584 0.572998 0.064697 0.621826 0.49408 0.95875 0.5500 1.6667
S chr_low 0 chr_player_walk4_4 0.066162 0.572998 0.082275 0.621826 0.65039 1.01217 0.5500 1.6667
S chr_low 0 chr_frentista_walk2_7 0.083740 0.572998 0.112061 0.621826 0.52283 0.99695 0.9667 1.6667
S chr_low 0 chr_mulher_rosa_walk4_4 0.113525 0.572998 0.130127 0.621826 0.49523 0.97693 0.5667 1.6667
S chr_low 0 chr_player_walk0_12 0.131592 0.572998 0.147705 0.621826 0.34091 1.01217 0.5500 1.6667
S chr_low 0 chr_corredor_walk6_6 0.149170 0.572998 0.180420 0.621826 0.53327 1.00607 1.0667 1.6667
S chr_low 0 chr_jovem_moletom_walk3_1 0.181885 0.572998 0.200684 0.621826 0.54873 1.00552 0.6417 1.6667
S chr_low 0 chr_frentista_walk7_7 0.202148 0.572998 0.221191 0.621826 0.44440 1.00498 0.6500 1.6667
S chr_low 0 chr_frentista_walk6_1 0.222656 0.572998 0.250977 0.621826 0.47197 0.99695 0.9667 1.6667
S chr_low 0 chr_mulher_vestido_walk4_4 0.252441 0.572998 0.268555 0.621826 0.49955 0.98033 0.5500 1.6667
S chr_low 0 chr_vizinho_walk4_4 0.270020 0.572998 0.289062 0.621826 0.49604 0.97974 0.6500 1.6667
S chr_low 0 chr_vizinho_idle0_7 0.290527 0.572998 0.305176 0.621826 0.49836 0.97190 0.5000 1.6667
S chr_low 0 chr_vizinho_walk0_1 0.306641 0.572998 0.324463 0.621826 0.58106 0.97576 0.6083 1.6667
S chr_low 0 chr_vizinho_idle0_1 0.325928 0.572998 0.340576 0.621826 0.49836 0.97190 0.5000 1.6667
S chr_low 0 chr_mecanico_walk7_7 0.342041 0.572998 0.362061 0.621826 0.43710 1.00498 0.6833 1.6667
S chr_low 0 chr_vizinho_walk0_4 0.363525 0.572998 0.382568 0.621826 0.49604 0.97974 0.6500 1.6667
S chr_low 0 chr_player_run1_6 0.384033 0.572998 0.409180 0.621826 0.61726 1.00899 0.8583 1.6667
S chr_low 0 chr_mecanico_walk6_1 0.410645 0.572998 0.439453 0.621826 0.47260 0.99695 0.9833 1.6667
S chr_low 0 chr_jovem_moletom_walk7_7 0.440918 0.572998 0.459717 0.621826 0.44116 1.00552 0.6417 1.6667
S chr_low 0 chr_mulher_vestido_idle0_4 0.461182 0.572998 0.477295 0.621826 0.49955 0.97651 0.5500 1.6667
S chr_low 0 chr_mecanico_walk3_1 0.478760 0.572998 0.498779 0.621826 0.55621 1.00498 0.6833 1.6667
S chr_low 0 chr_mulher_vestido_walk0_4 0.500244 0.572998 0.516357 0.621826 0.49955 0.98033 0.5500 1.6667
S chr_low 0 chr_mecanico_walk2_7 0.517822 0.572998 0.546631 0.621826 0.52260 0.99695 0.9833 1.6667
S chr_low 0 chr_player_walk2_14 0.548096 0.572998 0.576416 0.621826 0.52283 0.99427 0.9667 1.6667
S chr_low 0 chr_player_run5_10 0.577881 0.572998 0.603027 0.621826 0.37757 1.00899 0.8583 1.6667
S chr_low 0 chr_vizinho_walk4_7 0.604492 0.572998 0.622314 0.621826 0.40961 0.97576 0.6083 1.6667
S chr_low 0 chr_atendente_walk7_4 0.623779 0.572998 0.639893 0.621826 0.49408 0.95875 0.5500 1.6667
S chr_low 0 chr_corredor_walk2_2 0.641357 0.572998 0.672607 0.621826 0.46418 1.00607 1.0667 1.6667
S chr_low 0 chr_mulher_rosa_walk1_1 0.674072 0.572998 0.692383 0.621582 0.53590 0.96778 0.6250 1.6583
S chr_low 0 chr_mulher_rosa_walk0_1 0.693848 0.572998 0.710449 0.621582 0.60702 0.97553 0.5667 1.6583
S chr_low 0 chr_jovem_moletom_walk6_6 0.711914 0.572998 0.742188 0.621582 0.53413 1.00560 1.0333 1.6583
S chr_low 0 chr_mulher_rosa_walk5_0 0.743652 0.572998 0.760254 0.621582 0.49513 0.96698 0.5667 1.6583
S chr_low 0 chr_mulher_rosa_walk4_7 0.761719 0.572998 0.778320 0.621582 0.39408 0.97553 0.5667 1.6583
S chr_low 0 chr_mulher_rosa_walk5_7 0.779785 0.572998 0.801758 0.621582 0.33023 0.96778 0.7500 1.6583
S chr_low 0 chr_player_walk3_15 0.803223 0.572998 0.822998 0.621582 0.47205 1.00688 0.6750 1.6583
S chr_low 0 chr_mulher_rosa_walk1_0 0.824463 0.572998 0.841064 0.621582 0.49513 0.96698 0.5667 1.6583
S chr_low 0 chr_player_walk7_11 0.842529 0.572998 0.873047 0.621582 0.45736 1.01041 1.0417 1.6583
S chr_low 0 chr_mulher_vestido_walk2_5 0.874512 0.572998 0.895752 0.621582 0.48343 0.96683 0.7250 1.6583
S chr_low 0 chr_player_walk7_1 0.897217 0.572998 0.916992 0.621582 0.52238 1.00688 0.6750 1.6583
S chr_low 0 chr_jovem_moletom_walk2_2 0.918457 0.572998 0.948730 0.621582 0.46492 1.00560 1.0333 1.6583
S chr_low 0 chr_player_run0_1 0.950195 0.572998 0.968262 0.621582 0.57510 0.98717 0.6167 1.6583
S chr_low 0 chr_player_walk7_3 0.000732 0.623291 0.031250 0.671875 0.53609 1.00812 1.0417 1.6583
S chr_low 0 chr_player_walk7_14 0.032715 0.623291 0.051758 0.671875 0.44440 1.00734 0.6500 1.6583
S chr_low 0 chr_atendente_walk7_3 0.053223 0.623291 0.071533 0.671875 0.54308 0.96237 0.6250 1.6583
S chr_low 0 chr_mulher_vestido_walk6_3 0.072998 0.623291 0.094238 0.671875 0.51647 0.96683 0.7250 1.6583
S chr_low 0 chr_vizinho_walk6_3 0.095703 0.623291 0.117676 0.671875 0.53778 0.96731 0.7500 1.6583
S chr_low 0 chr_atendente_walk1_5 0.119141 0.623291 0.135986 0.671875 0.41878 0.96237 0.5750 1.6583
S chr_low 0 chr_atendente_walk2_4 0.137451 0.623291 0.153564 0.671875 0.49398 0.95590 0.5500 1.6583
S chr_low 0 chr_vizinho_walk6_0 0.155029 0.623291 0.174072 0.671875 0.49584 0.96493 0.6500 1.6583
S chr_low 0 chr_atendente_walk3_5 0.175537 0.623291 0.193848 0.671875 0.44766 0.96237 0.6250 1.6583
S chr_low 0 chr_atendente_walk4_5 0.195312 0.623291 0.207764 0.671875 0.49424 0.97004 0.4250 1.6583
S chr_low 0 chr_corredor_walk2_6 0.209229 0.623291 0.240479 0.671875 0.53327 1.01112 1.0667 1.6583
S chr_low 0 chr_vizinho_walk4_6 0.241943 0.623291 0.258789 0.671875 0.39235 0.98115 0.5750 1.6583
S chr_low 0 chr_atendente_walk5_3 0.260254 0.623291 0.277100 0.671875 0.57070 0.96237 0.5750 1.6583
S chr_low 0 chr_atendente_walk6_4 0.278564 0.623291 0.294678 0.671875 0.49398 0.95590 0.5500 1.6583
S chr_low 0 chr_mulher_rosa_idle0_7 0.296143 0.623291 0.311523 0.671875 0.42536 0.97166 0.5250 1.6583
S chr_low 0 chr_mecanico_walk2_2 0.312988 0.623291 0.343994 0.671875 0.46320 1.00351 1.0583 1.6583
S chr_low 0 chr_player_run4_15 0.345459 0.623291 0.363525 0.671875 0.41848 0.98717 0.6167 1.6583
S chr_low 0 chr_player_walk3_13 0.364990 0.623291 0.395508 0.671875 0.45736 1.00812 1.0417 1.6583
S chr_low 0 chr_vizinho_walk2_5 0.396973 0.623291 0.418945 0.671875 0.45866 0.96731 0.7500 1.6583
S chr_low 0 chr_player_walk3_5 0.420410 0.623291 0.450928 0.671875 0.53609 1.01041 1.0417 1.6583
S chr_low 0 chr_vizinho_walk2_0 0.452393 0.623291 0.471436 0.671875 0.49584 0.96493 0.6500 1.6583
S chr_low 0 chr_player_walk3_2 0.472900 0.623291 0.491943 0.671875 0.55275 1.00734 0.6500 1.6583
S chr_low 0 chr_mecanico_walk6_6 0.493408 0.623291 0.524414 0.671875 0.53215 1.00351 1.0583 1.6583
S chr_low 0 chr_vizinho_idle0_2 0.525879 0.623291 0.539551 0.671875 0.50400 0.97727 0.4667 1.6583
S chr_low 0 chr_vizinho_idle0_6 0.541016 0.623291 0.554688 0.671875 0.48343 0.97727 0.4667 1.6583
S chr_low 0 chr_vizinho_walk0_2 0.556152 0.623291 0.572998 0.671875 0.59722 0.98115 0.5750 1.6583
S chr_low 0 chr_mulher_rosa_idle0_1 0.574463 0.623291 0.587402 0.671875 0.49104 0.97166 0.4417 1.6583
S chr_low 0 chr_frentista_walk6_6 0.588867 0.623291 0.619873 0.671875 0.53215 1.00299 1.0583 1.6583
S chr_low 0 chr_atendente_idle0_3 0.621338 0.623291 0.634033 0.671875 0.48474 0.96621 0.4333 1.6583
S chr_low 0 chr_atendente_walk0_3 0.635498 0.623291 0.647949 0.671875 0.50694 0.97004 0.4250 1.6583
S chr_low 0 chr_corredor_walk6_2 0.649414 0.623291 0.680664 0.671875 0.46418 1.01112 1.0667 1.6583
S chr_low 0 chr_atendente_idle0_5 0.682129 0.623291 0.694824 0.671875 0.50687 0.96621 0.4333 1.6583
S chr_low 0 chr_frentista_walk2_2 0.696289 0.623291 0.727295 0.671875 0.46320 1.00299 1.0583 1.6583
S chr_low 0 chr_mulher_rosa_idle0_2 0.728760 0.623291 0.740479 0.671631 0.54412 0.97885 0.4000 1.6500
S chr_low 0 chr_mulher_rosa_walk6_0 0.741943 0.623291 0.758545 0.671631 0.49503 0.96408 0.5667 1.6500
S chr_low 0 chr_frentista_walk6_2 0.760010 0.623291 0.791016 0.671631 0.46320 1.00805 1.0583 1.6500
S chr_low 0 chr_player_walk2_4 0.792480 0.623291 0.823486 0.671631 0.46320 1.00617 1.0583 1.6500
S chr_low 0 chr_mulher_rosa_walk6_3 0.824951 0.623291 0.851562 0.671631 0.61036 0.96993 0.9083 1.6500
S chr_low 0 chr_mulher_rosa_idle0_6 0.853027 0.623291 0.864746 0.671631 0.45000 0.97885 0.4000 1.6500
S chr_low 0 chr_frentista_walk2_6 0.866211 0.623291 0.897217 0.671631 0.53215 1.00805 1.0583 1.6500
S chr_low 0 chr_mecanico_walk2_6 0.898682 0.623291 0.929688 0.671631 0.53215 1.00858 1.0583 1.6500
S chr_low 0 chr_player_walk6_12 0.931152 0.623291 0.962158 0.671631 0.53215 1.00617 1.0583 1.6500
S chr_low 0 chr_mulher_vestido_idle0_6 0.963623 0.623291 0.976074 0.671631 0.49892 0.97557 0.4250 1.6500
S chr_low 0 chr_corredor_walk7_1 0.000732 0.673340 0.028076 0.721680 0.53355 1.02255 0.9333 1.6500
S chr_low 0 chr_jovem_moletom_walk6_2 0.029541 0.673340 0.059814 0.721680 0.46492 1.01068 1.0333 1.6500
S chr_low 0 chr_player_run7_10 0.061279 0.673340 0.097656 0.721680 0.46611 1.01918 1.2417 1.6500
S chr_low 0 chr_player_run3_6 0.099121 0.673340 0.135498 0.721680 0.53246 1.01918 1.2417 1.6500
S chr_low 0 chr_mecanico_walk6_2 0.136963 0.673340 0.167969 0.721680 0.46320 1.00858 1.0583 1.6500
S chr_low 0 chr_mulher_vestido_walk0_2 0.169434 0.673340 0.185791 0.721680 0.60864 0.97943 0.5583 1.6500
S chr_low 0 chr_vizinho_walk2_1 0.187256 0.673340 0.209229 0.721680 0.53778 0.97004 0.7500 1.6500
S chr_low 0 chr_mulher_rosa_walk0_2 0.210693 0.673340 0.226074 0.721680 0.65410 0.98274 0.5250 1.6500
S chr_low 0 chr_vizinho_walk6_7 0.227539 0.673340 0.249512 0.721680 0.45866 0.97004 0.7500 1.6500
S chr_low 0 chr_jovem_moletom_walk2_6 0.250977 0.673340 0.281250 0.721680 0.53413 1.01068 1.0333 1.6500
S chr_low 0 chr_mulher_vestido_walk4_6 0.282715 0.673340 0.299072 0.721680 0.37977 0.97943 0.5583 1.6500
S chr_low 0 chr_atendente_walk0_4 0.300537 0.673340 0.316650 0.721680 0.49418 0.97614 0.5500 1.6500
S chr_low 0 chr_atendente_walk1_4 0.318115 0.673340 0.334229 0.721680 0.49408 0.96843 0.5500 1.6500
S chr_low 0 chr_mulher_rosa_walk2_5 0.335693 0.673340 0.357178 0.721680 0.48204 0.96993 0.7333 1.6500
S chr_low 0 chr_corredor_walk3_7 0.358643 0.673340 0.385986 0.721680 0.46562 1.02255 0.9333 1.6500
S chr_low 0 chr_atendente_walk4_4 0.387451 0.673340 0.403564 0.721680 0.49418 0.97614 0.5500 1.6500
S chr_low 0 chr_mulher_rosa_walk4_6 0.405029 0.673340 0.420410 0.721680 0.34286 0.98274 0.5250 1.6500
S chr_low 0 chr_atendente_idle0_4 0.421875 0.673340 0.437988 0.721680 0.49418 0.97229 0.5500 1.6500
S chr_low 0 chr_mulher_vestido_idle0_2 0.439453 0.673340 0.451904 0.721680 0.49892 0.97557 0.4250 1.6500
S chr_low 0 chr_player_walk6_4 0.453369 0.673340 0.484375 0.721680 0.46320 1.00617 1.0583 1.6500
S chr_low 0 chr_mulher_rosa_walk2_0 0.485840 0.673340 0.502441 0.721680 0.49503 0.96408 0.5667 1.6500
S chr_low 0 chr_atendente_walk5_4 0.503906 0.673340 0.520020 0.721680 0.49408 0.96843 0.5500 1.6500
S chr_low 0 chr_player_walk3_3 0.521484 0.673340 0.547363 0.721436 0.54554 1.01835 0.8833 1.6417
S chr_low 0 chr_vizinho_walk0_0 0.548828 0.673340 0.567871 0.721436 0.49604 0.99038 0.6500 1.6417
S chr_low 0 chr_mecanico_walk7_1 0.569336 0.673340 0.596924 0.721436 0.53261 1.02029 0.9417 1.6417
S chr_low 0 chr_corredor_walk7_6 0.598389 0.673340 0.628174 0.721436 0.45515 1.02962 1.0167 1.6417
S chr_low 0 chr_vizinho_idle0_0 0.629639 0.673340 0.648682 0.721436 0.49604 0.98647 0.6500 1.6417
S chr_low 0 chr_jovem_moletom_walk7_1 0.650146 0.673340 0.676758 0.721436 0.53195 1.02083 0.9083 1.6417
S chr_low 0 chr_atendente_walk1_0 0.678223 0.673340 0.694336 0.721436 0.49408 0.96692 0.5500 1.6417
S chr_low 0 chr_vizinho_walk0_5 0.695801 0.673340 0.713623 0.721436 0.40961 0.99279 0.6083 1.6417
S chr_low 0 chr_player_run4_0 0.715088 0.673340 0.733398 0.721436 0.49757 0.99544 0.6250 1.6417
S chr_low 0 chr_player_run0_15 0.734863 0.673340 0.752930 0.721436 0.41848 0.99719 0.6167 1.6417
S chr_low 0 chr_player_run0_13 0.754395 0.673340 0.772217 0.721436 0.24191 1.01144 0.6083 1.6417
S chr_low 0 chr_player_run0_12 0.773682 0.673340 0.794434 0.721436 0.26471 1.02197 0.7083 1.6417
S chr_low 0 chr_player_run4_1 0.795898 0.673340 0.813965 0.721436 0.57510 0.99719 0.6167 1.6417
S chr_low 0 chr_player_run4_3 0.815430 0.673340 0.833252 0.721436 0.75230 1.01144 0.6083 1.6417
S chr_low 0 chr_player_run4_4 0.834717 0.673340 0.855469 0.721436 0.72745 1.02197 0.7083 1.6417
S chr_low 0 chr_mecanico_walk3_7 0.856934 0.673340 0.884521 0.721436 0.46594 1.02029 0.9417 1.6417
S chr_low 0 chr_player_run0_0 0.885986 0.673340 0.904297 0.721436 0.49757 0.99544 0.6250 1.6417
S chr_low 0 chr_player_walk7_13 0.905762 0.673340 0.931641 0.721436 0.45269 1.01835 0.8833 1.6417
S chr_low 0 chr_player_walk2_12 0.933105 0.673340 0.964111 0.721436 0.53215 1.01127 1.0583 1.6417
S chr_low 0 chr_atendente_walk5_7 0.965576 0.673340 0.982422 0.721436 0.41878 0.96760 0.5750 1.6417
S chr_low 0 chr_atendente_walk5_0 0.000732 0.723145 0.016846 0.771240 0.49408 0.96692 0.5500 1.6417
S chr_low 0 chr_corredor_walk3_2 0.018311 0.723145 0.048096 0.771240 0.53869 1.02962 1.0167 1.6417
S chr_low 0 chr_jovem_moletom_walk3_7 0.049561 0.723145 0.076172 0.771240 0.46423 1.02083 0.9083 1.6417
S chr_low 0 chr_atendente_walk1_1 0.077637 0.723145 0.094482 0.771240 0.57070 0.96760 0.5750 1.6417
S chr_low 0 chr_mulher_vestido_walk7_5 0.095947 0.723145 0.121338 0.771240 0.46623 0.98439 0.8667 1.6417
S chr_low 0 chr_mulher_vestido_walk5_7 0.122803 0.723145 0.139648 0.771240 0.42251 0.96884 0.5750 1.6417
S chr_low 0 chr_vizinho_walk5_5 0.141113 0.723145 0.160645 0.771240 0.43992 0.98496 0.6667 1.6417
S chr_low 0 chr_mulher_vestido_walk1_0 0.162109 0.723145 0.178223 0.771240 0.49945 0.96692 0.5500 1.6417
S chr_low 0 chr_vizinho_walk5_2 0.179688 0.723145 0.198486 0.771240 0.57414 0.98328 0.6417 1.6417
S chr_low 0 chr_mulher_vestido_walk1_1 0.199951 0.723145 0.216797 0.771240 0.57356 0.96884 0.5750 1.6417
S chr_low 0 chr_vizinho_walk7_5 0.218262 0.723145 0.244629 0.771240 0.46500 0.98496 0.9000 1.6417
S chr_low 0 chr_mulher_vestido_walk1_3 0.246094 0.723145 0.264893 0.771240 0.55667 0.98439 0.6417 1.6417
S chr_low 0 chr_mulher_rosa_walk7_5 0.266357 0.723145 0.292236 0.771240 0.46301 0.98269 0.8833 1.6417
S chr_low 0 chr_mulher_rosa_walk3_3 0.293701 0.723145 0.319580 0.771240 0.53123 0.98269 0.8833 1.6417
S chr_low 0 chr_vizinho_walk4_3 0.321045 0.723145 0.338867 0.771240 0.58106 0.99279 0.6083 1.6417
S chr_low 0 chr_mulher_rosa_walk5_5 0.340332 0.723145 0.359375 0.771240 0.43658 0.98269 0.6500 1.6417
S chr_low 0 chr_mulher_rosa_walk6_7 0.360840 0.723145 0.387451 0.771240 0.38917 0.96978 0.9083 1.6417
S chr_low 0 chr_mulher_vestido_walk5_0 0.388916 0.723145 0.405029 0.771240 0.49945 0.96692 0.5500 1.6417
S chr_low 0 chr_vizinho_walk3_3 0.406494 0.723145 0.432861 0.771240 0.53196 0.98496 0.9000 1.6417
S chr_low 0 chr_mulher_vestido_walk3_3 0.434326 0.723145 0.459717 0.771240 0.53503 0.98439 0.8667 1.6417
S chr_low 0 chr_vizinho_walk4_0 0.461182 0.723145 0.480225 0.771240 0.49604 0.99038 0.6500 1.6417
S chr_low 0 chr_mulher_rosa_walk2_1 0.481689 0.723145 0.503174 0.771240 0.51825 0.96978 0.7333 1.6417
S chr_low 0 chr_mulher_vestido_walk0_1 0.504639 0.723145 0.521240 0.771240 0.59951 0.97659 0.5667 1.6417
S chr_low 0 chr_mulher_rosa_walk4_3 0.522705 0.723145 0.539307 0.771240 0.60702 0.99051 0.5667 1.6417
S chr_low 0 chr_mulher_vestido_idle0_7 0.540771 0.723145 0.553467 0.771240 0.50842 0.97271 0.4333 1.6417
S chr_low 0 chr_mulher_rosa_walk1_3 0.554932 0.723145 0.573975 0.771240 0.55636 0.98269 0.6500 1.6417
S chr_low 0 chr_mulher_vestido_idle0_1 0.575439 0.723145 0.588135 0.771240 0.49001 0.97271 0.4333 1.6417
S chr_low 0 chr_mulher_vestido_walk4_7 0.589600 0.723145 0.606201 0.771240 0.38879 0.97659 0.5667 1.6417
S chr_low 0 chr_mulher_rosa_walk0_5 0.607666 0.723145 0.624268 0.771240 0.39408 0.99051 0.5667 1.6417
S chr_low 0 chr_mulher_vestido_walk4_3 0.625732 0.723145 0.642334 0.771240 0.59951 0.99214 0.5667 1.6417
S chr_low 0 chr_vizinho_walk1_3 0.643799 0.723145 0.663330 0.771240 0.55671 0.98496 0.6667 1.6417
S chr_low 0 chr_vizinho_walk1_6 0.664795 0.723145 0.683594 0.771240 0.41526 0.98328 0.6417 1.6417
S chr_low 0 chr_mulher_vestido_walk5_5 0.685059 0.723145 0.703857 0.771240 0.43660 0.98439 0.6417 1.6417
S chr_low 0 chr_mulher_vestido_walk0_5 0.705322 0.723145 0.721924 0.771240 0.38879 0.99214 0.5667 1.6417
S chr_low 0 chr_atendente_walk6_3 0.723389 0.723145 0.744629 0.770996 0.51420 0.96932 0.7250 1.6333
S chr_low 0 chr_atendente_walk2_0 0.746094 0.723145 0.762207 0.770996 0.49398 0.96407 0.5500 1.6333
S chr_low 0 chr_vizinho_walk4_1 0.763672 0.723145 0.778320 0.770996 0.49836 0.99567 0.5000 1.6333
S chr_low 0 chr_mulher_vestido_walk6_0 0.779785 0.723145 0.795898 0.770996 0.49935 0.96407 0.5500 1.6333
S chr_low 0 chr_atendente_walk6_0 0.797363 0.723145 0.813477 0.770996 0.49398 0.96407 0.5500 1.6333
S chr_low 0 chr_mulher_rosa_walk5_2 0.814941 0.723145 0.837158 0.770996 0.64068 0.98490 0.7583 1.6333
S chr_low 0 chr_vizinho_walk0_7 0.838623 0.723145 0.853271 0.770996 0.49836 0.99567 0.5000 1.6333
S chr_low 0 chr_atendente_idle0_6 0.854736 0.723145 0.864990 0.770996 0.50893 0.97845 0.3500 1.6333
S chr_low 0 chr_atendente_idle0_7 0.866455 0.723145 0.879150 0.770996 0.50687 0.97643 0.4333 1.6333
S chr_low 0 chr_jovem_moletom_walk7_6 0.880615 0.723145 0.909424 0.770996 0.45660 1.02903 0.9833 1.6333
S chr_low 0 chr_atendente_walk0_1 0.910889 0.723145 0.927246 0.770996 0.60725 0.98032 0.5583 1.6333
S chr_low 0 chr_atendente_walk0_2 0.928711 0.723145 0.943848 0.770996 0.65773 0.98234 0.5167 1.6333
S chr_low 0 chr_atendente_walk4_7 0.945312 0.723145 0.961670 0.770996 0.39339 0.98032 0.5583 1.6333
S chr_low 0 chr_mulher_rosa_walk4_0 0.963135 0.723145 0.979736 0.770996 0.49523 0.98965 0.5667 1.6333
S chr_low 0 chr_atendente_walk4_6 0.981201 0.723145 0.996338 0.770996 0.34476 0.98234 0.5167 1.6333
S chr_low 0 chr_atendente_walk2_5 0.000732 0.772705 0.021973 0.820557 0.48436 0.96932 0.7250 1.6333
S chr_low 0 chr_jovem_moletom_walk3_2 0.023438 0.772705 0.052246 0.820557 0.54041 1.02903 0.9833 1.6333
S chr_low 0 chr_vizinho_walk5_6 0.053711 0.772705 0.072266 0.820557 0.42072 0.98830 0.6333 1.6333
S chr_low 0 chr_player_walk7_2 0.073730 0.772705 0.100830 0.820557 0.53303 1.02276 0.9250 1.6333
S chr_low 0 chr_vizinho_walk1_2 0.102295 0.772705 0.121094 0.820557 0.57414 0.98830 0.6417 1.6333
S chr_low 0 chr_mulher_rosa_idle0_0 0.122559 0.772705 0.139160 0.820557 0.49523 0.98572 0.5667 1.6333
S chr_low 0 chr_player_run7_5 0.140625 0.772705 0.178711 0.820557 0.54028 1.02054 1.3000 1.6333
S chr_low 0 chr_player_run3_11 0.180176 0.772705 0.218262 0.820557 0.45682 1.02054 1.3000 1.6333
S chr_low 0 chr_mulher_rosa_walk0_0 0.219727 0.772705 0.236328 0.820557 0.49523 0.98965 0.5667 1.6333
S chr_low 0 chr_player_run2_8 0.237793 0.772705 0.256104 0.820557 0.49706 1.02021 0.6250 1.6333
S chr_low 0 chr_frentista_walk3_7 0.257568 0.772705 0.284668 0.820557 0.46517 1.02549 0.9250 1.6333
S chr_low 0 chr_player_run1_1 0.286133 0.772705 0.308594 0.820557 0.59347 0.98472 0.7667 1.6333
S chr_low 0 chr_player_run1_0 0.310059 0.772705 0.328369 0.820557 0.49711 0.98295 0.6250 1.6333
S chr_low 0 chr_player_run0_14 0.329834 0.772705 0.347168 0.820557 0.31324 1.00820 0.5917 1.6333
S chr_low 0 chr_player_run4_2 0.348633 0.772705 0.365967 0.820557 0.68847 1.00820 0.5917 1.6333
S chr_low 0 chr_player_walk3_14 0.367432 0.772705 0.394531 0.820557 0.46517 1.02276 0.9250 1.6333
S chr_low 0 chr_mulher_vestido_walk2_0 0.395996 0.772705 0.412109 0.820557 0.49935 0.96407 0.5500 1.6333
S chr_low 0 chr_player_run5_0 0.413574 0.772705 0.431885 0.820557 0.49711 0.98295 0.6250 1.6333
S chr_low 0 chr_mulher_rosa_walk1_6 0.433350 0.772705 0.452148 0.820557 0.41526 0.98490 0.6417 1.6333
S chr_low 0 chr_frentista_walk7_1 0.453613 0.772705 0.480713 0.820557 0.53303 1.02549 0.9250 1.6333
S chr_low 0 chr_player_run6_8 0.482178 0.772705 0.500488 0.820557 0.49706 1.02021 0.6250 1.6333
S chr_low 0 chr_atendente_idle0_1 0.501953 0.772705 0.514648 0.820557 0.48474 0.97643 0.4333 1.6333
S chr_low 0 chr_atendente_idle0_2 0.516113 0.772705 0.526367 0.820557 0.48548 0.97845 0.3500 1.6333
S chr_low 0 chr_player_run5_15 0.527832 0.772705 0.550293 0.820557 0.40286 0.98472 0.7667 1.6333
S chr_low 0 chr_frentista_walk7_6 0.551758 0.772705 0.581055 0.820312 0.45816 1.03180 1.0000 1.6250
S chr_low 0 chr_atendente_walk5_5 0.582520 0.772705 0.601318 0.820312 0.43555 0.98211 0.6417 1.6250
S chr_low 0 chr_mulher_vestido_walk5_2 0.602783 0.772705 0.621338 0.820312 0.57563 0.98667 0.6333 1.6250
S chr_low 0 chr_mulher_rosa_walk1_7 0.622803 0.772705 0.641846 0.820312 0.43658 0.98763 0.6500 1.6250
S chr_low 0 chr_atendente_walk0_5 0.643311 0.772705 0.659668 0.820312 0.39339 0.98994 0.5583 1.6250
S chr_low 0 chr_mulher_rosa_walk1_2 0.661133 0.772705 0.679932 0.820312 0.57414 0.98995 0.6417 1.6250
S chr_low 0 chr_frentista_walk3_2 0.681396 0.772705 0.710693 0.820312 0.54225 1.03180 1.0000 1.6250
S chr_low 0 chr_vizinho_walk7_2 0.712158 0.772705 0.740479 0.820312 0.53851 0.99336 0.9667 1.6250
S chr_low 0 chr_player_run6_7 0.741943 0.772705 0.765625 0.820312 0.59312 1.02303 0.8083 1.6250
S chr_low 0 chr_atendente_walk7_5 0.767090 0.772705 0.792480 0.820312 0.46545 0.98211 0.8667 1.6250
S chr_low 0 chr_mecanico_walk7_6 0.793945 0.772705 0.823242 0.820312 0.45816 1.03234 1.0000 1.6250
S chr_low 0 chr_player_run2_9 0.824707 0.772705 0.848389 0.820312 0.40649 1.02303 0.8083 1.6250
S chr_low 0 chr_vizinho_walk1_7 0.849854 0.772705 0.869385 0.820312 0.43992 0.99287 0.6667 1.6250
S chr_low 0 chr_player_run1_2 0.870850 0.772705 0.896484 0.820312 0.65895 0.99571 0.8750 1.6250
S chr_low 0 chr_player_run1_12 0.897949 0.772705 0.924561 0.820312 0.34492 1.01480 0.9083 1.6250
S chr_low 0 chr_mecanico_walk3_2 0.926025 0.772705 0.955322 0.820312 0.54225 1.03234 1.0000 1.6250
S chr_low 0 chr_mulher_vestido_walk1_6 0.956787 0.772705 0.975342 0.820312 0.41634 0.98667 0.6333 1.6250
S chr_low 0 chr_mulher_vestido_walk2_1 0.976807 0.772705 0.998047 0.820312 0.51647 0.97095 0.7250 1.6250
S chr_low 0 chr_player_walk7_12 0.000732 0.822021 0.030029 0.869629 0.45816 1.02988 1.0000 1.6250
S chr_low 0 chr_atendente_walk1_3 0.031494 0.822021 0.050293 0.869629 0.55562 0.98211 0.6417 1.6250
S chr_low 0 chr_player_run5_4 0.051758 0.822021 0.078369 0.869629 0.65423 1.01480 0.9083 1.6250
S chr_low 0 chr_player_run5_14 0.079834 0.822021 0.105469 0.869629 0.34021 0.99571 0.8750 1.6250
S chr_low 0 chr_vizinho_walk3_6 0.106934 0.822021 0.135254 0.869629 0.45500 0.99336 0.9667 1.6250
S chr_low 0 chr_player_walk2_5 0.136719 0.822021 0.168701 0.869629 0.46748 1.02290 1.0917 1.6250
S chr_low 0 chr_atendente_walk6_7 0.170166 0.822021 0.191406 0.869629 0.48436 0.96969 0.7250 1.6250
S chr_low 0 chr_player_walk6_11 0.192871 0.822021 0.224854 0.869629 0.52633 1.02290 1.0917 1.6250
S chr_low 0 chr_mulher_rosa_walk5_6 0.226318 0.822021 0.248535 0.869629 0.35137 0.98995 0.7583 1.6250
S chr_low 0 chr_mulher_rosa_walk5_1 0.250000 0.822021 0.269043 0.869629 0.55636 0.98763 0.6500 1.6250
S chr_low 0 chr_vizinho_walk5_1 0.270508 0.822021 0.290039 0.869629 0.55671 0.99287 0.6667 1.6250
S chr_low 0 chr_atendente_walk4_3 0.291504 0.822021 0.307861 0.869629 0.60725 0.98994 0.5583 1.6250
S chr_low 0 chr_atendente_walk3_3 0.309326 0.822021 0.334717 0.869629 0.53426 0.98211 0.8667 1.6250
S chr_low 0 chr_mulher_vestido_walk6_7 0.336182 0.822021 0.357422 0.869629 0.48343 0.97095 0.7250 1.6250
S chr_low 0 chr_atendente_walk2_1 0.358887 0.822021 0.380127 0.869629 0.51420 0.96969 0.7250 1.6250
S chr_low 0 chr_player_walk3_4 0.381592 0.822021 0.410889 0.869629 0.54225 1.02988 1.0000 1.6250
S chr_low 0 chr_player_walk2_13 0.412354 0.822021 0.444336 0.869385 0.52633 1.02582 1.0917 1.6167
S chr_low 0 chr_mulher_vestido_idle0_0 0.445801 0.822021 0.461914 0.869385 0.49955 0.98580 0.5500 1.6167
S chr_low 0 chr_mulher_rosa_walk3_6 0.463379 0.822021 0.491699 0.869385 0.45500 0.99506 0.9667 1.6167
S chr_low 0 chr_mulher_vestido_walk5_6 0.493164 0.822021 0.511719 0.869385 0.41634 0.99176 0.6333 1.6167
S chr_low 0 chr_mulher_vestido_walk0_0 0.513184 0.822021 0.529297 0.869385 0.49955 0.98974 0.5500 1.6167
S chr_low 0 chr_mulher_vestido_walk1_2 0.530762 0.822021 0.549316 0.869385 0.57563 0.99176 0.6333 1.6167
S chr_low 0 chr_mulher_vestido_walk2_3 0.550781 0.822021 0.577393 0.869385 0.47199 0.99175 0.9083 1.6167
S chr_low 0 chr_mulher_vestido_walk4_0 0.578857 0.822021 0.594971 0.869385 0.49955 0.98974 0.5500 1.6167
S chr_low 0 chr_mulher_vestido_walk6_5 0.596436 0.822021 0.623047 0.869385 0.52341 0.99175 0.9083 1.6167
S chr_low 0 chr_player_walk6_3 0.624512 0.822021 0.656494 0.869385 0.46748 1.02582 1.0917 1.6167
S chr_low 0 chr_mulher_rosa_walk4_1 0.657959 0.822021 0.670654 0.869385 0.50239 1.00068 0.4333 1.6167
S chr_low 0 chr_mulher_rosa_walk2_3 0.672119 0.822021 0.698975 0.869385 0.47336 0.98993 0.9167 1.6167
S chr_low 0 chr_mulher_rosa_walk0_7 0.700439 0.822021 0.716797 0.869385 0.38844 1.00068 0.5583 1.6167
S chr_low 0 chr_vizinho_walk7_0 0.718262 0.822021 0.737305 0.869385 0.49594 0.99775 0.6500 1.6167
S chr_low 0 chr_mulher_rosa_walk6_5 0.738770 0.822021 0.765625 0.869385 0.52486 0.98993 0.9167 1.6167
S chr_low 0 chr_vizinho_walk6_5 0.767090 0.822021 0.794434 0.869385 0.52567 0.99224 0.9333 1.6167
S chr_low 0 chr_mulher_rosa_walk7_2 0.795898 0.822021 0.824219 0.869385 0.53851 0.99506 0.9667 1.6167
S chr_low 0 chr_vizinho_walk4_2 0.825684 0.822021 0.842529 0.869385 0.59722 1.00643 0.5750 1.6167
S chr_low 0 chr_vizinho_walk3_0 0.843994 0.822021 0.863037 0.869385 0.49594 0.99775 0.6500 1.6167
S chr_low 0 chr_vizinho_walk2_3 0.864502 0.822021 0.891846 0.869385 0.47509 0.99224 0.9333 1.6167
S chr_low 0 chr_vizinho_walk0_6 0.893311 0.822021 0.910156 0.869385 0.39235 1.00643 0.5750 1.6167
S chr_low 0 chr_player_run5_1 0.911621 0.822021 0.930176 0.869385 0.58817 0.99487 0.6333 1.6167
S chr_low 0 chr_player_run5_11 0.931641 0.822021 0.959473 0.869385 0.35577 1.03106 0.9500 1.6167
S chr_low 0 chr_atendente_walk5_2 0.960938 0.822021 0.979492 0.869385 0.57563 0.98460 0.6333 1.6167
S chr_low 0 chr_atendente_idle0_0 0.980957 0.822021 0.997070 0.869385 0.49418 0.98580 0.5500 1.6167
S chr_low 0 chr_atendente_walk0_0 0.000732 0.871094 0.016846 0.918457 0.49418 0.98974 0.5500 1.6167
S chr_low 0 chr_player_run1_5 0.018311 0.871094 0.046143 0.918457 0.63838 1.03106 0.9500 1.6167
S chr_low 0 chr_player_run1_15 0.047607 0.871094 0.066162 0.918457 0.41237 0.99487 0.6333 1.6167
S chr_low 0 chr_atendente_walk4_0 0.067627 0.871094 0.083740 0.918457 0.49418 0.98974 0.5500 1.6167
S chr_low 0 chr_atendente_walk1_6 0.085205 0.871094 0.103760 0.918457 0.41634 0.98460 0.6333 1.6167
S chr_low 0 chr_vizinho_walk7_7 0.105225 0.871094 0.124023 0.918213 0.43333 1.00316 0.6417 1.6083
S chr_low 0 chr_mulher_rosa_walk7_0 0.125488 0.871094 0.142090 0.918213 0.49513 0.99704 0.5667 1.6083
S chr_low 0 chr_vizinho_walk6_1 0.143555 0.871094 0.170898 0.918213 0.47509 0.99517 0.9333 1.6083
S chr_low 0 chr_mulher_vestido_walk1_7 0.172363 0.871094 0.191162 0.918213 0.43660 0.98892 0.6417 1.6083
S chr_low 0 chr_mulher_vestido_walk5_1 0.192627 0.871094 0.211426 0.918213 0.55667 0.98892 0.6417 1.6083
S chr_low 0 chr_mulher_vestido_walk7_2 0.212891 0.871094 0.240723 0.918213 0.54225 0.99689 0.9500 1.6083
S chr_low 0 chr_atendente_walk1_2 0.242188 0.871094 0.260742 0.918213 0.57563 0.98970 0.6333 1.6083
S chr_low 0 chr_vizinho_walk3_1 0.262207 0.871094 0.281006 0.918213 0.55826 1.00316 0.6417 1.6083
S chr_low 0 chr_vizinho_walk2_7 0.282471 0.871094 0.309814 0.918213 0.52567 0.99517 0.9333 1.6083
S chr_low 0 chr_atendente_walk1_7 0.311279 0.871094 0.330078 0.918213 0.43555 0.98765 0.6417 1.6083
S chr_low 0 chr_mulher_rosa_walk3_0 0.331543 0.871094 0.348145 0.918213 0.49513 0.99704 0.5667 1.6083
S chr_low 0 chr_mulher_vestido_walk3_6 0.349609 0.871094 0.377441 0.918213 0.45816 0.99689 0.9500 1.6083
S chr_low 0 chr_atendente_walk5_6 0.378906 0.871094 0.397461 0.918213 0.41634 0.98970 0.6333 1.6083
S chr_low 0 chr_atendente_walk5_1 0.398926 0.871094 0.417725 0.918213 0.55562 0.98765 0.6417 1.6083
S chr_low 0 chr_player_run6_9 0.419189 0.871094 0.445312 0.917969 0.51543 1.03902 0.8917 1.6000
S chr_low 0 chr_mulher_rosa_walk2_7 0.446777 0.871094 0.473633 0.917969 0.52486 0.99503 0.9167 1.6000
S chr_low 0 chr_player_run1_3 0.475098 0.871094 0.500977 0.917969 0.69631 1.01985 0.8833 1.6000
S chr_low 0 chr_mulher_rosa_walk3_1 0.502441 0.871094 0.520996 0.917969 0.53943 1.00307 0.6333 1.6000
S chr_low 0 chr_mulher_vestido_walk4_2 0.522461 0.871094 0.538818 0.917969 0.60864 1.01004 0.5583 1.6000
S chr_low 0 chr_mulher_rosa_walk0_6 0.540283 0.871094 0.555664 0.917969 0.34286 1.01345 0.5250 1.6000
S chr_low 0 chr_vizinho_walk6_6 0.557129 0.871094 0.586914 0.917969 0.53180 1.00085 1.0167 1.6000
S chr_low 0 chr_atendente_walk0_7 0.588379 0.871094 0.600830 0.917969 0.49424 1.00075 0.4250 1.6000
S chr_low 0 chr_vizinho_walk2_2 0.602295 0.871094 0.632080 0.917969 0.46290 1.00085 1.0167 1.6000
S chr_low 0 chr_atendente_walk2_3 0.633545 0.871094 0.660156 0.917969 0.47125 0.98951 0.9083 1.6000
S chr_low 0 chr_atendente_walk3_6 0.661621 0.871094 0.689453 0.917969 0.45816 0.99486 0.9500 1.6000
S chr_low 0 chr_player_run5_13 0.690918 0.871094 0.716797 0.917969 0.29598 1.01985 0.8833 1.6000
S chr_low 0 chr_atendente_walk7_2 0.718262 0.871094 0.746094 0.917969 0.54225 0.99486 0.9500 1.6000
S chr_low 0 chr_atendente_walk6_5 0.747559 0.871094 0.774170 0.917969 0.52267 0.98951 0.9083 1.6000
S chr_low 0 chr_atendente_walk4_1 0.775635 0.871094 0.788086 0.917969 0.50694 1.00075 0.4250 1.6000
S chr_low 0 chr_mulher_vestido_walk0_6 0.789551 0.871094 0.805908 0.917969 0.37977 1.01004 0.5583 1.6000
S chr_low 0 chr_mulher_rosa_walk4_2 0.807373 0.871094 0.822754 0.917969 0.65410 1.01345 0.5250 1.6000
S chr_low 0 chr_mulher_rosa_walk6_1 0.824219 0.871094 0.851074 0.917969 0.47336 0.99503 0.9167 1.6000
S chr_low 0 chr_player_run2_7 0.852539 0.871094 0.878662 0.917969 0.48606 1.03902 0.8917 1.6000
S chr_low 0 chr_mulher_vestido_walk4_1 0.880127 0.871094 0.892822 0.917969 0.49564 1.00202 0.4333 1.6000
S chr_low 0 chr_mulher_vestido_walk0_7 0.894287 0.871094 0.906982 0.917969 0.49001 1.00202 0.4333 1.6000
S chr_low 0 chr_mulher_rosa_walk7_7 0.908447 0.871094 0.931396 0.917969 0.35920 1.00307 0.7833 1.6000
S chr_low 0 chr_mulher_vestido_walk3_0 0.932861 0.871094 0.948975 0.917725 0.49945 0.99729 0.5500 1.5917
S chr_low 0 chr_vizinho_walk6_2 0.950439 0.871094 0.980225 0.917725 0.46290 1.00609 1.0167 1.5917
S chr_low 0 chr_mulher_rosa_walk6_6 0.000732 0.919922 0.033203 0.966553 0.48782 1.00261 1.1083 1.5917
S chr_low 0 chr_mulher_vestido_walk7_0 0.034668 0.919922 0.050781 0.966553 0.49945 0.99729 0.5500 1.5917
S chr_low 0 chr_atendente_walk3_0 0.052246 0.919922 0.068359 0.966553 0.49408 0.99729 0.5500 1.5917
S chr_low 0 chr_mulher_rosa_walk2_2 0.069824 0.919922 0.099609 0.966553 0.46290 1.00261 1.0167 1.5917
S chr_low 0 chr_atendente_walk7_0 0.101074 0.919922 0.117188 0.966553 0.49408 0.99729 0.5500 1.5917
S chr_low 0 chr_vizinho_walk2_6 0.118652 0.919922 0.148438 0.966553 0.53180 1.00609 1.0167 1.5917
S chr_low 0 chr_player_run1_13 0.149902 0.919922 0.177734 0.966309 0.35577 1.03058 0.9500 1.5833
S chr_low 0 chr_atendente_walk2_7 0.179199 0.919922 0.205811 0.966309 0.52267 0.99521 0.9083 1.5833
S chr_low 0 chr_player_run1_14 0.207275 0.919922 0.232422 0.966309 0.37757 1.02191 0.8583 1.5833
S chr_low 0 chr_player_run6_6 0.233887 0.919922 0.268066 0.966309 0.52458 1.04397 1.1667 1.5833
S chr_low 0 chr_player_run1_4 0.269531 0.919922 0.296143 0.966309 0.65423 1.04150 0.9083 1.5833
S chr_low 0 chr_atendente_walk0_6 0.297607 0.919922 0.312744 0.966309 0.34476 1.01336 0.5167 1.5833
S chr_low 0 chr_player_run5_2 0.314209 0.919922 0.339355 0.966309 0.61726 1.02191 0.8583 1.5833
S chr_low 0 chr_player_run5_3 0.340820 0.919922 0.368652 0.966309 0.63838 1.03058 0.9500 1.5833
S chr_low 0 chr_mulher_vestido_walk7_7 0.370117 0.919922 0.388184 0.966309 0.45262 1.00453 0.6167 1.5833
S chr_low 0 chr_player_run5_12 0.389648 0.919922 0.416260 0.966309 0.34492 1.04150 0.9083 1.5833
S chr_low 0 chr_atendente_walk3_1 0.417725 0.919922 0.436035 0.966309 0.54308 1.00325 0.6250 1.5833
S chr_low 0 chr_atendente_walk7_7 0.437500 0.919922 0.455811 0.966309 0.44766 1.00325 0.6250 1.5833
S chr_low 0 chr_atendente_walk4_2 0.457275 0.919922 0.472412 0.966309 0.65773 1.01336 0.5167 1.5833
S chr_low 0 chr_atendente_walk6_1 0.473877 0.919922 0.500488 0.966309 0.47125 0.99521 0.9083 1.5833
S chr_low 0 chr_player_run2_10 0.501953 0.919922 0.536133 0.966309 0.47084 1.04397 1.1667 1.5833
S chr_low 0 chr_mulher_rosa_walk2_6 0.537598 0.919922 0.567383 0.966309 0.53180 1.00789 1.0167 1.5833
S chr_low 0 chr_mulher_vestido_walk3_1 0.568848 0.919922 0.586914 0.966309 0.54933 1.00453 0.6167 1.5833
S chr_low 0 chr_mulher_vestido_walk2_7 0.588379 0.919922 0.614990 0.966309 0.52341 0.99650 0.9083 1.5833
S chr_low 0 chr_mulher_rosa_walk6_2 0.616455 0.919922 0.648926 0.966309 0.50885 1.00789 1.1083 1.5833
S chr_low 0 chr_mulher_vestido_walk6_1 0.650391 0.919922 0.677002 0.966309 0.47199 0.99650 0.9083 1.5833
S chr_low 0 chr_mulher_vestido_walk6_6 0.678467 0.919922 0.707764 0.966309 0.53503 1.00460 1.0000 1.5833
S chr_low 0 chr_mulher_vestido_walk2_2 0.709229 0.919922 0.738525 0.966309 0.46571 1.00460 1.0000 1.5833
S chr_low 0 chr_player_run3_5 0.739990 0.919922 0.782471 0.966064 0.53717 1.05834 1.4500 1.5750
S chr_low 0 chr_player_run7_11 0.783936 0.919922 0.826416 0.966064 0.46235 1.05834 1.4500 1.5750
S chr_low 0 chr_mulher_vestido_walk2_6 0.827881 0.919922 0.857178 0.966064 0.53503 1.00992 1.0000 1.5750
S chr_low 0 chr_vizinho_walk7_1 0.858643 0.919922 0.885010 0.966064 0.53196 1.02439 0.9000 1.5750
S chr_low 0 chr_mulher_vestido_walk6_2 0.886475 0.919922 0.915771 0.966064 0.46571 1.00992 1.0000 1.5750
S chr_low 0 chr_player_run3_12 0.917236 0.919922 0.959717 0.966064 0.45939 1.04701 1.4500 1.5750
S chr_low 1 chr_player_run7_4 0.000732 0.002930 0.043213 0.187500 0.53799 1.04701 1.4500 1.5750
S chr_low 1 chr_vizinho_walk3_7 0.044678 0.002930 0.071045 0.187500 0.46500 1.02439 0.9000 1.5750
S chr_low 1 chr_vizinho_walk3_2 0.072510 0.002930 0.100830 0.186523 0.53851 1.03035 0.9667 1.5667
S chr_low 1 chr_mulher_rosa_walk3_7 0.102295 0.002930 0.128174 0.186523 0.46301 1.02441 0.8833 1.5667
S chr_low 1 chr_mulher_rosa_walk3_2 0.129639 0.002930 0.157959 0.186523 0.53851 1.02681 0.9667 1.5667
S chr_low 1 chr_atendente_walk6_2 0.159424 0.002930 0.188721 0.186523 0.46571 1.00791 1.0000 1.5667
S chr_low 1 chr_atendente_walk6_6 0.190186 0.002930 0.219482 0.186523 0.53503 1.00791 1.0000 1.5667
S chr_low 1 chr_atendente_walk2_6 0.220947 0.002930 0.250244 0.186523 0.53503 1.00791 1.0000 1.5667
S chr_low 1 chr_mulher_rosa_walk7_6 0.251709 0.002930 0.280029 0.186523 0.45500 1.02681 0.9667 1.5667
S chr_low 1 chr_vizinho_walk7_6 0.281494 0.002930 0.309814 0.186523 0.45500 1.03035 0.9667 1.5667
S chr_low 1 chr_mulher_rosa_walk7_1 0.311279 0.002930 0.337158 0.186523 0.53123 1.02441 0.8833 1.5667
S chr_low 1 chr_atendente_walk2_2 0.338623 0.002930 0.367920 0.186523 0.46571 1.00791 1.0000 1.5667
S chr_low 1 chr_mulher_vestido_walk3_2 0.369385 0.002930 0.397217 0.185547 0.54225 1.02888 0.9500 1.5583
S chr_low 1 chr_mulher_vestido_walk7_6 0.398682 0.002930 0.426514 0.185547 0.45816 1.02888 0.9500 1.5583
S chr_low 1 chr_atendente_walk3_2 0.427979 0.002930 0.455811 0.184570 0.54225 1.02695 0.9500 1.5500
S chr_low 1 chr_atendente_walk3_7 0.457275 0.002930 0.482666 0.184570 0.46545 1.02482 0.8667 1.5500
S chr_low 1 chr_atendente_walk7_6 0.484131 0.002930 0.511963 0.184570 0.45816 1.02695 0.9500 1.5500
S chr_low 1 chr_atendente_walk7_1 0.513428 0.002930 0.538818 0.184570 0.53426 1.02482 0.8667 1.5500
S chr_low 1 chr_mulher_vestido_walk3_7 0.540283 0.002930 0.565674 0.184570 0.46623 1.02614 0.8667 1.5500
S chr_low 1 chr_mulher_vestido_walk7_1 0.567139 0.002930 0.592529 0.184570 0.53503 1.02614 0.8667 1.5500
S chr_low 1 chr_player_run6_10 0.593994 0.002930 0.633057 0.183594 0.51805 1.07219 1.3333 1.5417
S chr_low 1 chr_player_run2_6 0.634521 0.002930 0.673584 0.183594 0.48176 1.07219 1.3333 1.5417
S chr_low 1 chr_player_run6_15 0.675049 0.002930 0.698730 0.183594 0.40649 1.02466 0.8083 1.5417
S chr_low 1 chr_player_run2_1 0.700195 0.002930 0.723877 0.183594 0.59312 1.02466 0.8083 1.5417
S chr_low 1 chr_player_run6_0 0.725342 0.002930 0.743652 0.182617 0.49706 1.02834 0.6250 1.5333
S chr_low 1 chr_player_run2_0 0.745117 0.002930 0.763428 0.182617 0.49706 1.02834 0.6250 1.5333
S chr_low 1 chr_player_run2_11 0.764893 0.002930 0.806396 0.181641 0.52248 1.07422 1.4167 1.5250
S chr_low 1 chr_player_run6_5 0.807861 0.002930 0.849365 0.181641 0.47785 1.07422 1.4167 1.5250
S chr_low 1 chr_player_run2_2 0.850830 0.002930 0.885010 0.180664 0.52458 1.04792 1.1667 1.5167
S chr_low 1 chr_player_run3_4 0.886475 0.002930 0.928955 0.180664 0.53799 1.08728 1.4500 1.5167
S chr_low 1 chr_player_run6_14 0.930420 0.002930 0.964600 0.180664 0.47084 1.04792 1.1667 1.5167
S chr_low 1 chr_player_run6_1 0.966064 0.002930 0.992188 0.180664 0.48606 1.04155 0.8917 1.5167
S chr_low 1 chr_player_run7_12 0.000732 0.193359 0.043213 0.371094 0.45939 1.08728 1.4500 1.5167
S chr_low 1 chr_player_run2_15 0.044678 0.193359 0.070801 0.371094 0.51543 1.04155 0.8917 1.5167
S chr_low 1 chr_player_run7_3 0.072266 0.193359 0.114746 0.370117 0.53717 1.08183 1.4500 1.5083
S chr_low 1 chr_player_run3_13 0.116211 0.193359 0.158691 0.370117 0.46235 1.08183 1.4500 1.5083
S chr_low 1 chr_player_run6_13 0.160156 0.193359 0.201660 0.368164 0.52248 1.07468 1.4167 1.4917
S chr_low 1 chr_player_run2_3 0.203125 0.193359 0.244629 0.368164 0.47785 1.07468 1.4167 1.4917
S chr_low 1 chr_player_run6_2 0.246094 0.193359 0.285156 0.366211 0.48176 1.07752 1.3333 1.4750
S chr_low 1 chr_player_run2_14 0.286621 0.193359 0.325684 0.366211 0.51805 1.07752 1.3333 1.4750
S chr_low 1 chr_player_run2_5 0.327148 0.193359 0.373291 0.365234 0.47841 1.11695 1.5750 1.4667
S chr_low 1 chr_player_run6_11 0.374756 0.193359 0.420898 0.365234 0.51855 1.11695 1.5750 1.4667
S chr_low 1 chr_player_run2_4 0.422363 0.193359 0.468750 0.364258 0.47581 1.11110 1.5833 1.4583
S chr_low 1 chr_player_run3_3 0.470215 0.193359 0.508301 0.364258 0.54028 1.11892 1.3000 1.4583
S chr_low 1 chr_player_run7_13 0.509766 0.193359 0.547852 0.364258 0.45682 1.11892 1.3000 1.4583
S chr_low 1 chr_player_run6_12 0.549316 0.193359 0.595703 0.364258 0.52018 1.11110 1.5833 1.4583
S chr_low 1 chr_player_run7_2 0.597168 0.193359 0.633545 0.363281 0.53246 1.11588 1.2417 1.4500
S chr_low 1 chr_player_run2_12 0.635010 0.193359 0.681396 0.363281 0.52018 1.11749 1.5833 1.4500
S chr_low 1 chr_player_run6_4 0.682861 0.193359 0.729248 0.363281 0.47581 1.11749 1.5833 1.4500
S chr_low 1 chr_player_run3_14 0.730713 0.193359 0.767090 0.363281 0.46611 1.11588 1.2417 1.4500
S chr_low 1 chr_player_run6_3 0.768555 0.193359 0.814697 0.362305 0.47841 1.11195 1.5750 1.4417
S chr_low 1 chr_player_run2_13 0.816162 0.193359 0.862305 0.362305 0.51855 1.11195 1.5750 1.4417
S chr_low 1 chr_player_run3_2 0.863770 0.193359 0.893555 0.358398 0.56713 1.14890 1.0167 1.4083
S chr_low 1 chr_player_run7_14 0.895020 0.193359 0.924805 0.358398 0.43016 1.14890 1.0167 1.4083
S chr_low 1 chr_player_run7_1 0.926270 0.193359 0.950928 0.357422 0.52692 1.14883 0.8417 1.4000
S chr_low 1 chr_player_run3_15 0.952393 0.193359 0.977051 0.357422 0.47405 1.14883 0.8417 1.4000
S chr_low 1 chr_player_run3_1 0.000732 0.376953 0.023193 0.541016 0.59347 1.14883 0.7667 1.4000
S chr_low 1 chr_player_run7_15 0.024658 0.376953 0.047119 0.541016 0.40286 1.14883 0.7667 1.4000
S chr_low 1 chr_player_run7_0 0.048584 0.376953 0.066895 0.540039 0.49711 1.15364 0.6250 1.3917
S chr_low 1 chr_player_run3_0 0.068359 0.376953 0.086670 0.540039 0.49711 1.15364 0.6250 1.3917
PAGE prp_high 0 4096 512
S prp_high 0 tree_palmeira1_1 0.000732 0.005859 0.062256 0.474609 0.50417 0.78555 7.0000 6.6667
S prp_high 0 tree_palmeira0_2 0.063721 0.005859 0.125488 0.474609 0.60625 0.87653 7.0278 6.6667
S prp_high 0 tree_palmeira1_3 0.126953 0.005859 0.188477 0.472656 0.49484 0.97287 7.0000 6.6389
S prp_high 0 tree_palmeira0_1 0.189941 0.005859 0.252686 0.466797 0.50772 0.77520 7.1389 6.5556
S prp_high 0 tree_palmeira0_3 0.254150 0.005859 0.316895 0.462891 0.49287 0.97001 7.1389 6.5000
S prp_high 0 tree_palmeira1_2 0.318359 0.005859 0.381836 0.457031 0.59703 0.89926 7.2222 6.4167
S prp_high 0 tree_palmeira0_0 0.383301 0.005859 0.445068 0.455078 0.39280 0.87863 7.0278 6.3889
S prp_high 0 tree_palmeira1_0 0.446533 0.005859 0.510010 0.455078 0.40219 0.89187 7.2222 6.3889
S prp_high 0 tree_arvore1_3 0.511475 0.005859 0.564453 0.439453 0.47809 0.86465 6.0278 6.1667
S prp_high 0 tree_arvore0_3 0.565918 0.005859 0.618652 0.427734 0.47198 0.87329 6.0000 6.0000
S prp_high 0 tree_arvore1_1 0.620117 0.005859 0.673096 0.425781 0.51868 0.89125 6.0278 5.9722
S prp_high 0 tree_arvore0_1 0.674561 0.005859 0.727783 0.423828 0.52311 0.89053 6.0556 5.9444
S prp_high 0 tree_arvore0_0 0.729248 0.005859 0.783203 0.419922 0.49979 0.86720 6.1389 5.8889
S prp_high 0 tree_arvore1_2 0.784668 0.005859 0.839600 0.419922 0.49928 0.90336 6.2500 5.8889
S prp_high 0 tree_arvore0_2 0.841064 0.005859 0.895020 0.417969 0.49854 0.89848 6.1389 5.8611
S prp_high 0 tree_arvore1_0 0.896484 0.005859 0.951416 0.414062 0.50111 0.88223 6.2500 5.8056
S prp_high 0 prop_banco_6 0.952881 0.005859 0.961426 0.228516 0.50000 0.62188 0.5000 1.6286
S prp_high 0 prop_banco_2 0.962891 0.005859 0.971436 0.228516 0.50000 0.62188 0.5000 1.6286
S prp_high 0 prop_pneus_2 0.972900 0.005859 0.985596 0.224609 0.56538 0.38354 0.7429 1.6000
S prp_high 0 tree_arbusto0_3 0.000732 0.486328 0.026855 0.701172 0.48156 0.52895 1.7833 1.8333
S prp_high 0 tree_arbusto0_1 0.028320 0.486328 0.054443 0.699219 0.51676 0.54687 1.7833 1.8167
S prp_high 0 tree_arbusto1_0 0.055908 0.486328 0.082031 0.699219 0.49871 0.56011 1.7833 1.8167
S prp_high 0 prop_banco_5 0.083496 0.486328 0.106934 0.699219 0.49453 0.61690 1.3714 1.5571
S prp_high 0 prop_banco_3 0.108398 0.486328 0.131836 0.699219 0.50484 0.61690 1.3714 1.5571
S prp_high 0 prop_pneus_6 0.133301 0.486328 0.145996 0.695312 0.43077 0.82636 0.7429 1.5286
S prp_high 0 tree_arbusto1_3 0.147461 0.486328 0.175049 0.693359 0.48822 0.57005 1.8833 1.7667
S prp_high 0 tree_arbusto1_2 0.176514 0.486328 0.202637 0.693359 0.49843 0.57924 1.7833 1.7667
S prp_high 0 tree_arbusto0_2 0.204102 0.486328 0.232422 0.693359 0.49981 0.55621 1.9333 1.7667
S prp_high 0 tree_arbusto0_0 0.233887 0.486328 0.262207 0.691406 0.49579 0.57369 1.9333 1.7500
S prp_high 0 tree_arbusto1_1 0.263672 0.486328 0.291260 0.689453 0.51010 0.56236 1.8833 1.7333
S prp_high 0 prop_pneus_1 0.292725 0.486328 0.312256 0.685547 0.28000 0.42114 1.1429 1.4571
S prp_high 0 prop_banco_1 0.313721 0.486328 0.337158 0.677734 0.50484 0.57595 1.3714 1.4000
S prp_high 0 prop_banco_7 0.338623 0.486328 0.362061 0.677734 0.49453 0.57595 1.3714 1.4000
S prp_high 0 prop_pneus_5 0.363525 0.486328 0.383057 0.673828 0.71310 0.81206 1.1429 1.3714
S prp_high 0 prop_pneus_3 0.384521 0.486328 0.406494 0.667969 0.74386 0.46189 1.2857 1.3286
S prp_high 0 prop_bomba_7 0.407959 0.486328 0.421143 0.662109 0.49720 0.73634 0.7714 1.2857
S prp_high 0 prop_bomba_1 0.422607 0.486328 0.435791 0.662109 0.49720 0.73634 0.7714 1.2857
S prp_high 0 prop_bomba_3 0.437256 0.486328 0.450439 0.662109 0.49720 0.73634 0.7714 1.2857
S prp_high 0 prop_bomba_5 0.451904 0.486328 0.465088 0.662109 0.49720 0.73634 0.7714 1.2857
S prp_high 0 prop_poste_placa_2 0.466553 0.486328 0.467773 0.662109 0.49000 0.96761 0.0714 1.2857
S prp_high 0 prop_poste_placa_6 0.469238 0.486328 0.470459 0.662109 0.49000 0.96761 0.0714 1.2857
S prp_high 0 prop_caixas_6 0.471924 0.486328 0.480957 0.658203 0.47297 0.47069 0.5286 1.2571
S prp_high 0 prop_caixas_7 0.482422 0.486328 0.499268 0.658203 0.57265 0.49406 0.9857 1.2571
S prp_high 0 prop_pneus_7 0.500732 0.486328 0.522705 0.656250 0.24889 0.79212 1.2857 1.2429
S prp_high 0 prop_poste_placa_1 0.524170 0.486328 0.531738 0.650391 0.48894 0.97408 0.4429 1.2000
S prp_high 0 prop_poste_placa_3 0.533203 0.486328 0.540771 0.650391 0.48894 0.97408 0.4429 1.2000
S prp_high 0 prop_poste_placa_5 0.542236 0.486328 0.549805 0.650391 0.48894 0.97408 0.4429 1.2000
S prp_high 0 prop_poste_placa_7 0.551270 0.486328 0.558838 0.650391 0.48894 0.97408 0.4429 1.2000
S prp_high 0 prop_bomba_2 0.560303 0.486328 0.571045 0.646484 0.49622 0.76764 0.6286 1.1714
S prp_high 0 prop_bomba_6 0.572510 0.486328 0.583252 0.646484 0.49622 0.76764 0.6286 1.1714
S prp_high 0 prop_caixas_5 0.584717 0.486328 0.604004 0.644531 0.36859 0.55908 1.1286 1.1571
S prp_high 0 prop_caixas_3 0.605469 0.486328 0.622314 0.642578 0.42201 0.66508 0.9857 1.1429
S prp_high 0 prop_lixeira_7 0.623779 0.486328 0.637451 0.640625 0.50000 0.68419 0.8000 1.1286
S prp_high 0 prop_orelhao_6 0.638916 0.486328 0.650635 0.640625 0.49583 0.95583 0.6857 1.1286
S prp_high 0 prop_orelhao_2 0.652100 0.486328 0.663818 0.640625 0.49583 0.95583 0.6857 1.1286
S prp_high 0 prop_orelhao_3 0.665283 0.486328 0.678467 0.636719 0.49464 0.95191 0.7714 1.1000
S prp_high 0 prop_orelhao_7 0.679932 0.486328 0.693115 0.636719 0.49464 0.95191 0.7714 1.1000
S prp_high 0 prop_orelhao_5 0.694580 0.486328 0.707764 0.636719 0.49464 0.95191 0.7714 1.1000
S prp_high 0 prop_orelhao_1 0.709229 0.486328 0.722412 0.636719 0.49464 0.95191 0.7714 1.1000
S prp_high 0 prop_caixas_2 0.723877 0.486328 0.732910 0.636719 0.52973 0.71016 0.5286 1.1000
S prp_high 0 prop_orelhao_4 0.734375 0.486328 0.748779 0.630859 0.49831 0.95813 0.8429 1.0571
S prp_high 0 prop_orelhao_0 0.750244 0.486328 0.764648 0.630859 0.49831 0.95813 0.8429 1.0571
S prp_high 0 prop_bomba_4 0.766113 0.486328 0.776855 0.630859 0.49318 0.79014 0.6286 1.0571
S prp_high 0 prop_bomba_0 0.778320 0.486328 0.789062 0.630859 0.49318 0.79014 0.6286 1.0571
S prp_high 0 prop_lixeira_0 0.790527 0.486328 0.804199 0.628906 0.50000 0.74042 0.8000 1.0429
S prp_high 0 prop_lixeira_4 0.805664 0.486328 0.819336 0.628906 0.50000 0.74042 0.8000 1.0429
S prp_high 0 prop_lixeira_3 0.820801 0.486328 0.834473 0.628906 0.50000 0.74042 0.8000 1.0429
S prp_high 0 prop_lixeira_5 0.835938 0.486328 0.849609 0.628906 0.50000 0.74042 0.8000 1.0429
S prp_high 0 prop_lixeira_6 0.851074 0.486328 0.864990 0.628906 0.50351 0.74042 0.8143 1.0429
S prp_high 0 prop_lixeira_2 0.866455 0.486328 0.880371 0.628906 0.49123 0.74042 0.8143 1.0429
S prp_high 0 prop_lixeira_1 0.881836 0.486328 0.895508 0.628906 0.50231 0.74042 0.8000 1.0429
S prp_high 0 prop_poste_placa_0 0.896973 0.486328 0.907227 0.625000 0.49872 0.97022 0.6000 1.0143
S prp_high 0 prop_caixas_1 0.908691 0.486328 0.927979 0.625000 0.62548 0.62202 1.1286 1.0143
S prp_high 0 prop_poste_placa_4 0.929443 0.486328 0.939697 0.625000 0.49872 0.97022 0.6000 1.0143
S prp_high 0 prop_pneus_0 0.941162 0.486328 0.965820 0.619141 0.22178 0.63171 1.4429 0.9714
S prp_high 0 prop_tambor_0 0.967285 0.486328 0.977539 0.607422 0.50000 0.70322 0.6000 0.8857
S prp_high 0 prop_pneus_4 0.000732 0.712891 0.025391 0.833984 0.77624 0.70414 1.4429 0.8857
S prp_high 0 prop_tambor_7 0.026855 0.712891 0.037109 0.833984 0.50000 0.70322 0.6000 0.8857
S prp_high 0 prop_tambor_6 0.038574 0.712891 0.048828 0.833984 0.50000 0.70322 0.6000 0.8857
S prp_high 0 prop_tambor_5 0.050293 0.712891 0.060547 0.833984 0.50000 0.70322 0.6000 0.8857
S prp_high 0 prop_tambor_4 0.062012 0.712891 0.072266 0.833984 0.50000 0.70322 0.6000 0.8857
S prp_high 0 prop_tambor_3 0.073730 0.712891 0.083984 0.833984 0.50000 0.70322 0.6000 0.8857
S prp_high 0 prop_tambor_2 0.085449 0.712891 0.095703 0.833984 0.50000 0.70322 0.6000 0.8857
S prp_high 0 prop_tambor_1 0.097168 0.712891 0.107422 0.833984 0.50000 0.70322 0.6000 0.8857
S prp_high 0 prop_vaso_2 0.108887 0.712891 0.121826 0.822266 0.50454 0.78070 0.7571 0.8000
S prp_high 0 prop_vaso_4 0.123291 0.712891 0.136719 0.822266 0.48797 0.78234 0.7857 0.8000
S prp_high 0 prop_vaso_7 0.138184 0.712891 0.151611 0.820312 0.50110 0.78240 0.7857 0.7857
S prp_high 0 prop_vaso_6 0.153076 0.712891 0.166016 0.820312 0.49883 0.77743 0.7571 0.7857
S prp_high 0 prop_vaso_0 0.167480 0.712891 0.180908 0.820312 0.50379 0.77498 0.7857 0.7857
S prp_high 0 prop_vaso_1 0.182373 0.712891 0.196045 0.820312 0.48159 0.77359 0.8000 0.7857
S prp_high 0 prop_vaso_5 0.197510 0.712891 0.211182 0.820312 0.50540 0.76542 0.8000 0.7857
S prp_high 0 prop_banco_4 0.212646 0.712891 0.238281 0.818359 0.50000 0.71034 1.5000 0.7714
S prp_high 0 prop_vaso_3 0.239746 0.712891 0.253174 0.818359 0.49536 0.76919 0.7857 0.7714
S prp_high 0 prop_caixas_4 0.254639 0.712891 0.273193 0.814453 0.32237 0.69816 1.0857 0.7429
S prp_high 0 prop_caixas_0 0.274658 0.712891 0.293213 0.812500 0.67237 0.66170 1.0857 0.7286
S prp_high 0 prop_banco_0 0.294678 0.712891 0.320312 0.798828 0.50000 0.64206 1.5000 0.6286
S prp_high 0 prop_cone_3 0.321777 0.712891 0.331787 0.792969 0.49998 0.54649 0.5857 0.5857
S prp_high 0 prop_cone_1 0.333252 0.712891 0.343262 0.792969 0.49998 0.54649 0.5857 0.5857
S prp_high 0 prop_cone_5 0.344727 0.712891 0.354736 0.792969 0.49998 0.54649 0.5857 0.5857
S prp_high 0 prop_cone_7 0.356201 0.712891 0.366211 0.792969 0.49998 0.54649 0.5857 0.5857
S prp_high 0 prop_hidrante_6 0.367676 0.712891 0.372803 0.789062 0.50000 0.75160 0.3000 0.5571
S prp_high 0 prop_hidrante_0 0.374268 0.712891 0.381104 0.789062 0.50000 0.75160 0.4000 0.5571
S prp_high 0 prop_hidrante_2 0.382568 0.712891 0.387695 0.789062 0.50000 0.75160 0.3000 0.5571
S prp_high 0 prop_hidrante_4 0.389160 0.712891 0.395996 0.789062 0.50000 0.75160 0.4000 0.5571
S prp_high 0 prop_hidrante_7 0.397461 0.712891 0.403809 0.787109 0.49497 0.76343 0.3714 0.5429
S prp_high 0 prop_hidrante_1 0.405273 0.712891 0.411621 0.787109 0.49497 0.76343 0.3714 0.5429
S prp_high 0 prop_hidrante_3 0.413086 0.712891 0.419434 0.787109 0.49497 0.76343 0.3714 0.5429
S prp_high 0 prop_hidrante_5 0.420898 0.712891 0.427246 0.787109 0.49497 0.76343 0.3714 0.5429
S prp_high 0 prop_cone_6 0.428711 0.712891 0.436035 0.783203 0.49000 0.62139 0.4286 0.5143
S prp_high 0 prop_cone_0 0.437500 0.712891 0.444824 0.783203 0.49000 0.62272 0.4286 0.5143
S prp_high 0 prop_cone_4 0.446289 0.712891 0.453613 0.783203 0.49000 0.62272 0.4286 0.5143
S prp_high 0 prop_cone_2 0.455078 0.712891 0.462402 0.783203 0.49000 0.62139 0.4286 0.5143
PAGE prp_low 0 4096 2048
S prp_low 0 tree_palmeira1_3 0.000732 0.001465 0.096436 0.222168 0.49484 0.99200 7.0000 8.0714
S prp_low 0 tree_palmeira0_3 0.097900 0.001465 0.195557 0.222168 0.49260 0.99233 7.1429 8.0714
S prp_low 0 tree_arvore0_1 0.197021 0.001465 0.279785 0.221191 0.52329 0.98587 6.0536 8.0357
S prp_low 0 tree_arvore0_3 0.281250 0.001465 0.364014 0.220703 0.47698 0.98952 6.0536 8.0179
S prp_low 0 tree_arvore1_2 0.365479 0.001465 0.450928 0.220215 0.49928 0.98914 6.2500 8.0000
S prp_low 0 tree_arvore1_3 0.452393 0.001465 0.534668 0.220215 0.47888 0.98940 6.0179 8.0000
S prp_low 0 tree_arvore0_0 0.536133 0.001465 0.620117 0.220215 0.49947 0.98719 6.1429 8.0000
S prp_low 0 tree_arvore1_0 0.621582 0.001465 0.707031 0.219727 0.50111 0.98697 6.2500 7.9821
S prp_low 0 tree_arvore0_2 0.708496 0.001465 0.792236 0.219727 0.49967 0.98956 6.1250 7.9821
S prp_low 0 tree_arvore1_1 0.793701 0.001465 0.875977 0.218750 0.51953 0.98575 6.0179 7.9464
S prp_low 0 tree_palmeira0_2 0.877441 0.001465 0.973633 0.218262 0.60556 0.99396 7.0357 7.9286
S prp_low 0 tree_palmeira1_0 0.000732 0.225098 0.099365 0.441406 0.40263 0.98993 7.2143 7.9107
S prp_low 0 tree_palmeira1_2 0.100830 0.225098 0.199463 0.440918 0.59769 0.99282 7.2143 7.8929
S prp_low 0 tree_palmeira0_0 0.200928 0.225098 0.296875 0.438965 0.39336 0.99099 7.0179 7.8214
S prp_low 0 tree_palmeira1_1 0.298340 0.225098 0.393799 0.437500 0.50546 0.99082 6.9821 7.7679
S prp_low 0 tree_palmeira0_1 0.395264 0.225098 0.492920 0.436523 0.50743 0.99200 7.1429 7.7321
S prp_low 0 prop_poste_placa_6 0.494385 0.225098 0.496338 0.353516 0.48125 0.99419 0.0727 2.3909
S prp_low 0 prop_poste_placa_2 0.497803 0.225098 0.499756 0.353516 0.48125 0.99419 0.0727 2.3909
S prp_low 0 prop_poste_placa_7 0.501221 0.225098 0.512939 0.352051 0.49622 0.99526 0.4364 2.3636
S prp_low 0 prop_poste_placa_5 0.514404 0.225098 0.526123 0.352051 0.49622 0.99526 0.4364 2.3636
S prp_low 0 prop_poste_placa_3 0.527588 0.225098 0.539307 0.352051 0.49622 0.99526 0.4364 2.3636
S prp_low 0 prop_poste_placa_1 0.540771 0.225098 0.552490 0.352051 0.49622 0.99526 0.4364 2.3636
S prp_low 0 prop_poste_placa_4 0.553955 0.225098 0.570068 0.349121 0.49872 0.99424 0.6000 2.3091
S prp_low 0 prop_poste_placa_0 0.571533 0.225098 0.587646 0.349121 0.49872 0.99424 0.6000 2.3091
S prp_low 0 prop_orelhao_2 0.589111 0.225098 0.607422 0.331543 0.49867 0.99309 0.6818 1.9818
S prp_low 0 prop_orelhao_1 0.608887 0.225098 0.629395 0.331543 0.49969 0.99182 0.7636 1.9818
S prp_low 0 prop_orelhao_0 0.630859 0.225098 0.653564 0.331543 0.49677 0.99046 0.8455 1.9818
S prp_low 0 prop_orelhao_3 0.655029 0.225098 0.675537 0.331543 0.49969 0.99182 0.7636 1.9818
S prp_low 0 prop_orelhao_4 0.677002 0.225098 0.699707 0.331543 0.49677 0.99046 0.8455 1.9818
S prp_low 0 prop_orelhao_5 0.701172 0.225098 0.721680 0.331543 0.49969 0.99182 0.7636 1.9818
S prp_low 0 prop_orelhao_6 0.723145 0.225098 0.741455 0.331543 0.49867 0.99309 0.6818 1.9818
S prp_low 0 prop_orelhao_7 0.742920 0.225098 0.763428 0.331543 0.49969 0.99182 0.7636 1.9818
S prp_low 0 prop_bomba_1 0.764893 0.225098 0.785645 0.317871 0.49636 0.94215 0.7727 1.7273
S prp_low 0 prop_bomba_3 0.787109 0.225098 0.807861 0.317871 0.49636 0.94215 0.7727 1.7273
S prp_low 0 prop_bomba_5 0.809326 0.225098 0.830078 0.317871 0.49636 0.94215 0.7727 1.7273
S prp_low 0 prop_bomba_7 0.831543 0.225098 0.852295 0.317871 0.49636 0.94215 0.7727 1.7273
S prp_low 0 prop_bomba_6 0.853760 0.225098 0.870605 0.316406 0.49724 0.95085 0.6273 1.7000
S prp_low 0 prop_bomba_2 0.872070 0.225098 0.888916 0.316406 0.49724 0.95085 0.6273 1.7000
S prp_low 0 prop_bomba_4 0.890381 0.225098 0.907227 0.314453 0.49420 0.95933 0.6273 1.6636
S prp_low 0 prop_bomba_0 0.908691 0.225098 0.925537 0.314453 0.49420 0.95933 0.6273 1.6636
S prp_low 0 tree_arbusto0_2 0.927002 0.225098 0.974121 0.289551 0.50067 0.78257 1.9300 1.3200
S prp_low 0 prop_banco_6 0.975586 0.225098 0.989014 0.289551 0.50000 0.82917 0.5000 1.2000
S prp_low 0 prop_banco_2 0.000732 0.444336 0.014160 0.508789 0.50000 0.82917 0.5000 1.2000
S prp_low 0 tree_arbusto0_3 0.015625 0.444336 0.059082 0.507324 0.48246 0.80732 1.7800 1.2900
S prp_low 0 prop_banco_5 0.060547 0.444336 0.097412 0.507324 0.49406 0.83330 1.3727 1.1727
S prp_low 0 prop_banco_3 0.098877 0.444336 0.135742 0.507324 0.50437 0.83330 1.3727 1.1727
S prp_low 0 tree_arbusto0_1 0.137207 0.444336 0.180664 0.506836 0.51773 0.80405 1.7800 1.2800
S prp_low 0 prop_lixeira_7 0.182129 0.444336 0.203613 0.506836 0.50000 0.92233 0.8000 1.1636
S prp_low 0 prop_lixeira_6 0.205078 0.444336 0.226807 0.505371 0.50674 0.94446 0.8091 1.1364
S prp_low 0 prop_lixeira_1 0.228271 0.444336 0.250000 0.505371 0.49667 0.94446 0.8091 1.1364
S prp_low 0 prop_lixeira_2 0.251465 0.444336 0.273193 0.505371 0.49438 0.94446 0.8091 1.1364
S prp_low 0 prop_lixeira_3 0.274658 0.444336 0.296143 0.505371 0.50000 0.94446 0.8000 1.1364
S prp_low 0 prop_lixeira_4 0.297607 0.444336 0.319092 0.505371 0.50000 0.94446 0.8000 1.1364
S prp_low 0 prop_lixeira_5 0.320557 0.444336 0.342285 0.505371 0.49438 0.94446 0.8091 1.1364
S prp_low 0 prop_lixeira_0 0.343750 0.444336 0.365234 0.505371 0.50000 0.94446 0.8000 1.1364
S prp_low 0 tree_arbusto1_3 0.366699 0.444336 0.412598 0.504883 0.48909 0.84421 1.8800 1.2400
S prp_low 0 tree_arbusto1_1 0.414062 0.444336 0.459961 0.504883 0.51100 0.86039 1.8800 1.2400
S prp_low 0 tree_arbusto1_0 0.461426 0.444336 0.504883 0.504883 0.49965 0.82062 1.7800 1.2400
S prp_low 0 tree_arbusto0_0 0.506348 0.444336 0.553467 0.504395 0.49664 0.83754 1.9300 1.2300
S prp_low 0 tree_arbusto1_2 0.554932 0.444336 0.598389 0.503906 0.49936 0.87266 1.7800 1.2200
S prp_low 0 prop_pneus_2 0.599854 0.444336 0.619873 0.502930 0.56341 0.77829 0.7455 1.0909
S prp_low 0 prop_banco_7 0.621338 0.444336 0.658203 0.502441 0.49406 0.81924 1.3727 1.0818
S prp_low 0 prop_banco_1 0.659668 0.444336 0.696533 0.502441 0.50437 0.81924 1.3727 1.0818
S prp_low 0 prop_caixas_7 0.697998 0.444336 0.724365 0.500977 0.57493 0.80859 0.9818 1.0545
S prp_low 0 prop_caixas_6 0.725830 0.444336 0.740234 0.500977 0.46610 0.80171 0.5364 1.0545
S prp_low 0 prop_pneus_1 0.741699 0.444336 0.772217 0.500488 0.28160 0.81213 1.1364 1.0455
S prp_low 0 prop_caixas_5 0.773682 0.444336 0.803955 0.499023 0.36901 0.84559 1.1273 1.0182
S prp_low 0 prop_pneus_3 0.805420 0.444336 0.839844 0.498047 0.74612 0.84904 1.2818 1.0000
S prp_low 0 prop_tambor_1 0.841309 0.444336 0.857422 0.497559 0.50000 0.93483 0.6000 0.9909
S prp_low 0 prop_tambor_7 0.858887 0.444336 0.875000 0.497559 0.50000 0.93483 0.6000 0.9909
S prp_low 0 prop_tambor_6 0.876465 0.444336 0.892578 0.497559 0.50000 0.93483 0.6000 0.9909
S prp_low 0 prop_tambor_5 0.894043 0.444336 0.910156 0.497559 0.50000 0.93483 0.6000 0.9909
S prp_low 0 prop_tambor_4 0.911621 0.444336 0.927734 0.497559 0.50000 0.93483 0.6000 0.9909
S prp_low 0 prop_tambor_3 0.929199 0.444336 0.945312 0.497559 0.50000 0.93483 0.6000 0.9909
S prp_low 0 prop_tambor_2 0.946777 0.444336 0.962891 0.497559 0.50000 0.93483 0.6000 0.9909
S prp_low 0 prop_tambor_0 0.964355 0.444336 0.980469 0.497559 0.50000 0.93483 0.6000 0.9909
S prp_low 0 prop_vaso_0 0.000732 0.511719 0.021729 0.563965 0.50630 0.95470 0.7818 0.9727
S prp_low 0 prop_vaso_7 0.023193 0.511719 0.044189 0.563477 0.50359 0.95733 0.7818 0.9636
S prp_low 0 prop_vaso_6 0.045654 0.511719 0.066162 0.563477 0.49459 0.95304 0.7636 0.9636
S prp_low 0 prop_vaso_5 0.067627 0.511719 0.088867 0.563477 0.51121 0.95835 0.7909 0.9636
S prp_low 0 prop_vaso_3 0.090332 0.511719 0.111328 0.563477 0.49783 0.95797 0.7818 0.9636
S prp_low 0 prop_vaso_1 0.112793 0.511719 0.134033 0.563477 0.48713 0.95592 0.7909 0.9636
S prp_low 0 prop_caixas_3 0.135498 0.511719 0.161865 0.562988 0.42368 0.88031 0.9818 0.9545
S prp_low 0 prop_vaso_4 0.163330 0.511719 0.184326 0.562988 0.49040 0.95648 0.7818 0.9545
S prp_low 0 prop_vaso_2 0.185791 0.511719 0.206299 0.562988 0.50025 0.95829 0.7636 0.9545
S prp_low 0 prop_caixas_1 0.207764 0.511719 0.238037 0.562500 0.62620 0.88003 1.1273 0.9455
S prp_low 0 prop_banco_4 0.239502 0.511719 0.279785 0.561035 0.50000 0.91969 1.5000 0.9182
S prp_low 0 prop_caixas_2 0.281250 0.511719 0.295654 0.561035 0.52203 0.88893 0.5364 0.9182
S prp_low 0 prop_pneus_6 0.297119 0.511719 0.317139 0.560059 0.42927 0.99075 0.7455 0.9000
S prp_low 0 prop_caixas_0 0.318604 0.511719 0.347656 0.559570 0.67479 0.90958 1.0818 0.8909
S prp_low 0 prop_pneus_0 0.349121 0.511719 0.387939 0.559570 0.22138 0.95300 1.4455 0.8909
S prp_low 0 prop_caixas_4 0.389404 0.511719 0.418457 0.559570 0.32353 0.92271 1.0818 0.8909
S prp_low 0 prop_pneus_4 0.419922 0.511719 0.458740 0.558105 0.77484 0.98310 1.4455 0.8636
S prp_low 0 prop_pneus_5 0.460205 0.511719 0.490723 0.558105 0.71718 0.98310 1.1364 0.8636
S prp_low 0 prop_pneus_7 0.492188 0.511719 0.526611 0.558105 0.24965 0.98310 1.2818 0.8636
S prp_low 0 prop_hidrante_6 0.528076 0.511719 0.536133 0.554688 0.50000 0.94428 0.3000 0.8000
S prp_low 0 prop_hidrante_0 0.537598 0.511719 0.548340 0.554688 0.50000 0.94428 0.4000 0.8000
S prp_low 0 prop_hidrante_1 0.549805 0.511719 0.559814 0.554688 0.49325 0.94356 0.3727 0.8000
S prp_low 0 prop_hidrante_2 0.561279 0.511719 0.569336 0.554688 0.50000 0.94428 0.3000 0.8000
S prp_low 0 prop_hidrante_3 0.570801 0.511719 0.580811 0.554688 0.49325 0.94356 0.3727 0.8000
S prp_low 0 prop_hidrante_4 0.582275 0.511719 0.593018 0.554688 0.50000 0.94428 0.4000 0.8000
S prp_low 0 prop_hidrante_5 0.594482 0.511719 0.604492 0.554688 0.49325 0.94356 0.3727 0.8000
S prp_low 0 prop_hidrante_7 0.605957 0.511719 0.615967 0.554688 0.49325 0.94356 0.3727 0.8000
S prp_low 0 prop_banco_0 0.617432 0.511719 0.657715 0.554199 0.50000 0.90503 1.5000 0.7909
S prp_low 0 prop_cone_7 0.659180 0.511719 0.675049 0.553711 0.49558 0.89184 0.5909 0.7818
S prp_low 0 prop_cone_5 0.676514 0.511719 0.692383 0.553711 0.49558 0.89184 0.5909 0.7818
S prp_low 0 prop_cone_3 0.693848 0.511719 0.709717 0.553711 0.49558 0.89184 0.5909 0.7818
S prp_low 0 prop_cone_1 0.711182 0.511719 0.727051 0.553711 0.49558 0.89184 0.5909 0.7818
S prp_low 0 prop_cone_6 0.728516 0.511719 0.739990 0.552246 0.49149 0.92386 0.4273 0.7545
S prp_low 0 prop_cone_4 0.741455 0.511719 0.752930 0.552246 0.49149 0.92415 0.4273 0.7545
S prp_low 0 prop_cone_2 0.754395 0.511719 0.765869 0.552246 0.49149 0.92386 0.4273 0.7545
S prp_low 0 prop_cone_0 0.767334 0.511719 0.778809 0.552246 0.49149 0.92415 0.4273 0.7545
PAGE veh_high 0 4096 4096
S veh_high 0 veh_picape_branco_18 0.000732 0.000732 0.042480 0.062256 0.48962 0.55344 3.4200 5.0400
S veh_high 0 veh_picape_branco_14 0.043945 0.000732 0.085693 0.062256 0.50758 0.55344 3.4200 5.0400
S veh_high 0 veh_picape_azul_18 0.087158 0.000732 0.128906 0.062256 0.48962 0.55344 3.4200 5.0400
S veh_high 0 veh_picape_vinho_18 0.130371 0.000732 0.172119 0.062256 0.48962 0.55344 3.4200 5.0400
S veh_high 0 veh_picape_azul_14 0.173584 0.000732 0.215332 0.062256 0.50758 0.55344 3.4200 5.0400
S veh_high 0 veh_picape_vinho_14 0.216797 0.000732 0.258545 0.062256 0.50758 0.55344 3.4200 5.0400
S veh_high 0 veh_picape_azul_17 0.260010 0.000732 0.291504 0.062012 0.48853 0.55291 2.5800 5.0200
S veh_high 0 veh_picape_vinho_17 0.292969 0.000732 0.324463 0.062012 0.48853 0.55291 2.5800 5.0200
S veh_high 0 veh_picape_vinho_15 0.325928 0.000732 0.357422 0.062012 0.51257 0.55291 2.5800 5.0200
S veh_high 0 veh_picape_branco_17 0.358887 0.000732 0.390381 0.062012 0.48853 0.55291 2.5800 5.0200
S veh_high 0 veh_picape_azul_15 0.391846 0.000732 0.423340 0.062012 0.51257 0.55291 2.5800 5.0200
S veh_high 0 veh_picape_branco_15 0.424805 0.000732 0.456299 0.062012 0.51257 0.55291 2.5800 5.0200
S veh_high 0 veh_picape_branco_19 0.457764 0.000732 0.508057 0.060303 0.49162 0.55591 4.1200 4.8800
S veh_high 0 veh_picape_azul_19 0.509521 0.000732 0.559814 0.060303 0.49162 0.55591 4.1200 4.8800
S veh_high 0 veh_picape_vinho_13 0.561279 0.000732 0.611572 0.060303 0.50601 0.55591 4.1200 4.8800
S veh_high 0 veh_picape_vinho_19 0.613037 0.000732 0.663330 0.060303 0.49162 0.55591 4.1200 4.8800
S veh_high 0 veh_picape_azul_13 0.664795 0.000732 0.715088 0.060303 0.50601 0.55591 4.1200 4.8800
S veh_high 0 veh_picape_branco_13 0.716553 0.000732 0.766846 0.060303 0.50601 0.55591 4.1200 4.8800
S veh_high 0 veh_picape_branco_2 0.768311 0.000732 0.810059 0.060059 0.50758 0.53643 3.4200 4.8600
S veh_high 0 veh_picape_vinho_2 0.811523 0.000732 0.853271 0.060059 0.50758 0.53643 3.4200 4.8600
S veh_high 0 veh_picape_azul_30 0.854736 0.000732 0.896484 0.060059 0.48962 0.53643 3.4200 4.8600
S veh_high 0 veh_picape_branco_30 0.897949 0.000732 0.939697 0.060059 0.48962 0.53643 3.4200 4.8600
S veh_high 0 veh_picape_azul_2 0.941162 0.000732 0.982910 0.060059 0.50758 0.53643 3.4200 4.8600
S veh_high 0 veh_picape_vinho_30 0.000732 0.063721 0.042480 0.123047 0.48962 0.53643 3.4200 4.8600
S veh_high 0 veh_picape_azul_31 0.043945 0.063721 0.075439 0.122803 0.48853 0.53768 2.5800 4.8400
S veh_high 0 veh_picape_vinho_31 0.076904 0.063721 0.108398 0.122803 0.48853 0.53768 2.5800 4.8400
S veh_high 0 veh_picape_branco_1 0.109863 0.063721 0.141357 0.122803 0.51257 0.53768 2.5800 4.8400
S veh_high 0 veh_picape_azul_16 0.142822 0.063721 0.168457 0.122803 0.50000 0.55300 2.1000 4.8400
S veh_high 0 veh_picape_azul_1 0.169922 0.063721 0.201416 0.122803 0.51257 0.53768 2.5800 4.8400
S veh_high 0 veh_picape_branco_16 0.202881 0.063721 0.228516 0.122803 0.50000 0.55300 2.1000 4.8400
S veh_high 0 veh_picape_vinho_16 0.229980 0.063721 0.255615 0.122803 0.50000 0.55300 2.1000 4.8400
S veh_high 0 veh_picape_branco_31 0.257080 0.063721 0.288574 0.122803 0.48853 0.53768 2.5800 4.8400
S veh_high 0 veh_picape_vinho_1 0.290039 0.063721 0.321533 0.122803 0.51257 0.53768 2.5800 4.8400
S veh_high 0 veh_picape_azul_0 0.322998 0.063721 0.348633 0.121094 0.50000 0.54165 2.1000 4.7000
S veh_high 0 veh_picape_branco_0 0.350098 0.063721 0.375732 0.121094 0.50000 0.54165 2.1000 4.7000
S veh_high 0 veh_picape_vinho_0 0.377197 0.063721 0.402832 0.121094 0.50000 0.54165 2.1000 4.7000
S veh_high 0 veh_picape_branco_3 0.404297 0.063721 0.454590 0.120850 0.50601 0.53881 4.1200 4.6800
S veh_high 0 veh_picape_vinho_29 0.456055 0.063721 0.506348 0.120850 0.49162 0.53881 4.1200 4.6800
S veh_high 0 veh_picape_azul_3 0.507812 0.063721 0.558105 0.120850 0.50601 0.53881 4.1200 4.6800
S veh_high 0 veh_picape_vinho_3 0.559570 0.063721 0.609863 0.120850 0.50601 0.53881 4.1200 4.6800
S veh_high 0 veh_picape_azul_29 0.611328 0.063721 0.661621 0.120850 0.49162 0.53881 4.1200 4.6800
S veh_high 0 veh_picape_branco_29 0.663086 0.063721 0.713379 0.120850 0.49162 0.53881 4.1200 4.6800
S veh_high 0 veh_sedan_grafite_18 0.714844 0.063721 0.753906 0.119873 0.49359 0.55029 3.2000 4.6000
S veh_high 0 veh_sedan_branco_14 0.755371 0.063721 0.794434 0.119873 0.50522 0.55029 3.2000 4.6000
S veh_high 0 veh_sedan_grafite_14 0.795898 0.063721 0.834961 0.119873 0.50522 0.55029 3.2000 4.6000
S veh_high 0 veh_sedan_branco_18 0.836426 0.063721 0.875488 0.119873 0.49359 0.55029 3.2000 4.6000
S veh_high 0 veh_sedan_azul_14 0.876953 0.063721 0.916016 0.119873 0.50522 0.55029 3.2000 4.6000
S veh_high 0 veh_sedan_azul_18 0.917480 0.063721 0.956543 0.119873 0.49359 0.55029 3.2000 4.6000
S veh_high 0 veh_sedan_grafite_15 0.958008 0.063721 0.988037 0.119629 0.50470 0.54816 2.4600 4.5800
S veh_high 0 veh_sedan_grafite_17 0.000732 0.124512 0.030762 0.180420 0.48853 0.54816 2.4600 4.5800
S veh_high 0 veh_sedan_branco_15 0.032227 0.124512 0.062256 0.180420 0.50470 0.54816 2.4600 4.5800
S veh_high 0 veh_sedan_branco_17 0.063721 0.124512 0.093750 0.180420 0.48853 0.54816 2.4600 4.5800
S veh_high 0 veh_sedan_azul_17 0.095215 0.124512 0.125244 0.180420 0.48853 0.54816 2.4600 4.5800
S veh_high 0 veh_sedan_azul_15 0.126709 0.124512 0.156738 0.180420 0.50470 0.54816 2.4600 4.5800
S veh_high 0 veh_picape_branco_12 0.158203 0.124512 0.215088 0.179932 0.50503 0.56166 4.6600 4.5400
S veh_high 0 veh_picape_branco_20 0.216553 0.124512 0.273438 0.179932 0.49402 0.56166 4.6600 4.5400
S veh_high 0 veh_picape_azul_20 0.274902 0.124512 0.331787 0.179932 0.49402 0.56166 4.6600 4.5400
S veh_high 0 veh_picape_vinho_12 0.333252 0.124512 0.390137 0.179932 0.50503 0.56166 4.6600 4.5400
S veh_high 0 veh_picape_vinho_20 0.391602 0.124512 0.448486 0.179932 0.49402 0.56166 4.6600 4.5400
S veh_high 0 veh_picape_azul_12 0.449951 0.124512 0.506836 0.179932 0.50503 0.56166 4.6600 4.5400
S veh_high 0 veh_sedan_azul_19 0.508301 0.124512 0.555176 0.179199 0.49420 0.55086 3.8400 4.4800
S veh_high 0 veh_sedan_azul_13 0.556641 0.124512 0.603516 0.179199 0.50353 0.55086 3.8400 4.4800
S veh_high 0 veh_sedan_grafite_13 0.604980 0.124512 0.651855 0.179199 0.50353 0.55086 3.8400 4.4800
S veh_high 0 veh_sedan_branco_19 0.653320 0.124512 0.700195 0.179199 0.49420 0.55086 3.8400 4.4800
S veh_high 0 veh_sedan_grafite_19 0.701660 0.124512 0.748535 0.179199 0.49420 0.55086 3.8400 4.4800
S veh_high 0 veh_sedan_branco_13 0.750000 0.124512 0.796875 0.179199 0.50353 0.55086 3.8400 4.4800
S veh_high 0 veh_sedan_branco_2 0.798340 0.124512 0.837402 0.178711 0.50522 0.53650 3.2000 4.4400
S veh_high 0 veh_sedan_grafite_2 0.838867 0.124512 0.877930 0.178711 0.50522 0.53650 3.2000 4.4400
S veh_high 0 veh_sedan_grafite_30 0.879395 0.124512 0.918457 0.178711 0.49359 0.53650 3.2000 4.4400
S veh_high 0 veh_sedan_azul_30 0.919922 0.124512 0.958984 0.178711 0.49359 0.53650 3.2000 4.4400
S veh_high 0 veh_sedan_branco_30 0.000732 0.181885 0.039795 0.236084 0.49359 0.53650 3.2000 4.4400
S veh_high 0 veh_sedan_azul_2 0.041260 0.181885 0.080322 0.236084 0.50522 0.53650 3.2000 4.4400
S veh_high 0 veh_sedan_branco_1 0.081787 0.181885 0.111816 0.235840 0.50470 0.53671 2.4600 4.4200
S veh_high 0 veh_sedan_grafite_31 0.113281 0.181885 0.143311 0.235840 0.48853 0.53671 2.4600 4.4200
S veh_high 0 veh_sedan_azul_31 0.144775 0.181885 0.174805 0.235840 0.48853 0.53671 2.4600 4.4200
S veh_high 0 veh_sedan_branco_31 0.176270 0.181885 0.206299 0.235840 0.48853 0.53671 2.4600 4.4200
S veh_high 0 veh_sedan_azul_1 0.207764 0.181885 0.237793 0.235840 0.50470 0.53671 2.4600 4.4200
S veh_high 0 veh_sedan_grafite_1 0.239258 0.181885 0.269287 0.235840 0.50470 0.53671 2.4600 4.4200
S veh_high 0 veh_sedan_azul_16 0.270752 0.181885 0.296387 0.235596 0.50000 0.54999 2.1000 4.4000
S veh_high 0 veh_sedan_branco_16 0.297852 0.181885 0.323486 0.235596 0.50000 0.54999 2.1000 4.4000
S veh_high 0 veh_sedan_grafite_16 0.324951 0.181885 0.350586 0.235596 0.50000 0.54999 2.1000 4.4000
S veh_high 0 veh_picape_vinho_4 0.352051 0.181885 0.408936 0.234863 0.50503 0.54134 4.6600 4.3400
S veh_high 0 veh_picape_branco_28 0.410400 0.181885 0.467285 0.234863 0.49402 0.54134 4.6600 4.3400
S veh_high 0 veh_picape_branco_4 0.468750 0.181885 0.525635 0.234863 0.50503 0.54134 4.6600 4.3400
S veh_high 0 veh_picape_azul_28 0.527100 0.181885 0.583984 0.234863 0.49402 0.54134 4.6600 4.3400
S veh_high 0 veh_picape_azul_4 0.585449 0.181885 0.642334 0.234863 0.50503 0.54134 4.6600 4.3400
S veh_high 0 veh_picape_vinho_28 0.643799 0.181885 0.700684 0.234863 0.49402 0.54134 4.6600 4.3400
S veh_high 0 veh_sedan_grafite_29 0.702148 0.181885 0.749023 0.234375 0.49420 0.53730 3.8400 4.3000
S veh_high 0 veh_sedan_branco_29 0.750488 0.181885 0.797363 0.234375 0.49420 0.53730 3.8400 4.3000
S veh_high 0 veh_sedan_azul_3 0.798828 0.181885 0.845703 0.234375 0.50353 0.53730 3.8400 4.3000
S veh_high 0 veh_sedan_branco_3 0.847168 0.181885 0.894043 0.234375 0.50353 0.53730 3.8400 4.3000
S veh_high 0 veh_sedan_grafite_3 0.895508 0.181885 0.942383 0.234375 0.50353 0.53730 3.8400 4.3000
S veh_high 0 veh_sedan_azul_29 0.943848 0.181885 0.990723 0.234375 0.49420 0.53730 3.8400 4.3000
S veh_high 0 veh_sedan_branco_0 0.000732 0.237549 0.026367 0.289795 0.50000 0.54071 2.1000 4.2800
S veh_high 0 veh_sedan_grafite_0 0.027832 0.237549 0.053467 0.289795 0.50000 0.54071 2.1000 4.2800
S veh_high 0 veh_sedan_azul_0 0.054932 0.237549 0.080566 0.289795 0.50000 0.54071 2.1000 4.2800
S veh_high 0 veh_sedan_azul_20 0.082031 0.237549 0.134766 0.288574 0.49689 0.55564 4.3200 4.1800
S veh_high 0 veh_sedan_branco_12 0.136230 0.237549 0.188965 0.288574 0.50372 0.55564 4.3200 4.1800
S veh_high 0 veh_sedan_grafite_20 0.190430 0.237549 0.243164 0.288574 0.49689 0.55564 4.3200 4.1800
S veh_high 0 veh_sedan_azul_12 0.244629 0.237549 0.297363 0.288574 0.50372 0.55564 4.3200 4.1800
S veh_high 0 veh_sedan_grafite_12 0.298828 0.237549 0.351562 0.288574 0.50372 0.55564 4.3200 4.1800
S veh_high 0 veh_sedan_branco_20 0.353027 0.237549 0.405762 0.288574 0.49689 0.55564 4.3200 4.1800
S veh_high 0 veh_picape_vinho_11 0.407227 0.237549 0.468506 0.286865 0.50432 0.57043 5.0200 4.0400
S veh_high 0 veh_picape_vinho_21 0.469971 0.237549 0.531250 0.286865 0.49608 0.57043 5.0200 4.0400
S veh_high 0 veh_picape_azul_21 0.532715 0.237549 0.593994 0.286865 0.49608 0.57043 5.0200 4.0400
S veh_high 0 veh_picape_azul_11 0.595459 0.237549 0.656738 0.286865 0.50432 0.57043 5.0200 4.0400
S veh_high 0 veh_picape_branco_11 0.658203 0.237549 0.719482 0.286865 0.50432 0.57043 5.0200 4.0400
S veh_high 0 veh_picape_branco_21 0.720947 0.237549 0.782227 0.286865 0.49608 0.57043 5.0200 4.0400
S veh_high 0 veh_sedan_grafite_28 0.783691 0.237549 0.836426 0.286377 0.49689 0.53953 4.3200 4.0000
S veh_high 0 veh_sedan_branco_28 0.837891 0.237549 0.890625 0.286377 0.49689 0.53953 4.3200 4.0000
S veh_high 0 veh_sedan_azul_28 0.892090 0.237549 0.944824 0.286377 0.49689 0.53953 4.3200 4.0000
S veh_high 0 veh_sedan_azul_4 0.946289 0.237549 0.999023 0.286377 0.50372 0.53953 4.3200 4.0000
S veh_high 0 veh_sedan_branco_4 0.000732 0.291260 0.053467 0.340088 0.50372 0.53953 4.3200 4.0000
S veh_high 0 veh_sedan_grafite_4 0.054932 0.291260 0.107666 0.340088 0.50372 0.53953 4.3200 4.0000
S veh_high 0 veh_compacto_vermelho_18 0.109131 0.291260 0.143799 0.339844 0.49284 0.55313 2.8400 3.9800
S veh_high 0 veh_compacto_vermelho_14 0.145264 0.291260 0.179932 0.339844 0.50595 0.55313 2.8400 3.9800
S veh_high 0 veh_compacto_branco_18 0.181396 0.291260 0.216064 0.339844 0.49284 0.55313 2.8400 3.9800
S veh_high 0 veh_compacto_prata_18 0.217529 0.291260 0.252197 0.339844 0.49284 0.55313 2.8400 3.9800
S veh_high 0 veh_compacto_branco_14 0.253662 0.291260 0.288330 0.339844 0.50595 0.55313 2.8400 3.9800
S veh_high 0 veh_compacto_prata_14 0.289795 0.291260 0.324463 0.339844 0.50595 0.55313 2.8400 3.9800
S veh_high 0 veh_compacto_branco_15 0.325928 0.291260 0.352783 0.339355 0.50878 0.55180 2.2000 3.9400
S veh_high 0 veh_compacto_branco_17 0.354248 0.291260 0.381104 0.339355 0.49069 0.55180 2.2000 3.9400
S veh_high 0 veh_compacto_vermelho_15 0.382568 0.291260 0.409424 0.339355 0.50878 0.55180 2.2000 3.9400
S veh_high 0 veh_compacto_prata_17 0.410889 0.291260 0.437744 0.339355 0.49069 0.55180 2.2000 3.9400
S veh_high 0 veh_compacto_vermelho_17 0.439209 0.291260 0.466064 0.339355 0.49069 0.55180 2.2000 3.9400
S veh_high 0 veh_compacto_prata_15 0.467529 0.291260 0.494385 0.339355 0.50878 0.55180 2.2000 3.9400
S veh_high 0 veh_compacto_branco_13 0.495850 0.291260 0.537109 0.338623 0.50387 0.55565 3.3800 3.8800
S veh_high 0 veh_compacto_vermelho_19 0.538574 0.291260 0.579834 0.338623 0.49327 0.55565 3.3800 3.8800
S veh_high 0 veh_compacto_vermelho_13 0.581299 0.291260 0.622559 0.338623 0.50387 0.55565 3.3800 3.8800
S veh_high 0 veh_compacto_prata_13 0.624023 0.291260 0.665283 0.338623 0.50387 0.55565 3.3800 3.8800
S veh_high 0 veh_compacto_prata_19 0.666748 0.291260 0.708008 0.338623 0.49327 0.55565 3.3800 3.8800
S veh_high 0 veh_compacto_branco_19 0.709473 0.291260 0.750732 0.338623 0.49327 0.55565 3.3800 3.8800
S veh_high 0 veh_compacto_prata_2 0.752197 0.291260 0.786865 0.338379 0.50595 0.53874 2.8400 3.8600
S veh_high 0 veh_compacto_vermelho_30 0.788330 0.291260 0.822998 0.338379 0.49284 0.53874 2.8400 3.8600
S veh_high 0 veh_compacto_vermelho_2 0.824463 0.291260 0.859131 0.338379 0.50595 0.53874 2.8400 3.8600
S veh_high 0 veh_compacto_branco_30 0.860596 0.291260 0.895264 0.338379 0.49284 0.53874 2.8400 3.8600
S veh_high 0 veh_compacto_prata_30 0.896729 0.291260 0.931396 0.338379 0.49284 0.53874 2.8400 3.8600
S veh_high 0 veh_compacto_branco_2 0.932861 0.291260 0.967529 0.338379 0.50595 0.53874 2.8400 3.8600
S veh_high 0 veh_picape_azul_5 0.000732 0.341553 0.062012 0.388428 0.50432 0.54608 5.0200 3.8400
S veh_high 0 veh_picape_azul_27 0.063477 0.341553 0.124756 0.388428 0.49608 0.54608 5.0200 3.8400
S veh_high 0 veh_picape_branco_5 0.126221 0.341553 0.187500 0.388428 0.50432 0.54608 5.0200 3.8400
S veh_high 0 veh_picape_branco_27 0.188965 0.341553 0.250244 0.388428 0.49608 0.54608 5.0200 3.8400
S veh_high 0 veh_picape_vinho_5 0.251709 0.341553 0.312988 0.388428 0.50432 0.54608 5.0200 3.8400
S veh_high 0 veh_picape_vinho_27 0.314453 0.341553 0.375732 0.388428 0.49608 0.54608 5.0200 3.8400
S veh_high 0 veh_compacto_vermelho_1 0.377197 0.341553 0.404053 0.388184 0.50878 0.54091 2.2000 3.8200
S veh_high 0 veh_compacto_branco_31 0.405518 0.341553 0.432373 0.388184 0.49069 0.54091 2.2000 3.8200
S veh_high 0 veh_compacto_branco_1 0.433838 0.341553 0.460693 0.388184 0.50878 0.54091 2.2000 3.8200
S veh_high 0 veh_compacto_vermelho_31 0.462158 0.341553 0.489014 0.388184 0.49069 0.54091 2.2000 3.8200
S veh_high 0 veh_compacto_prata_1 0.490479 0.341553 0.517334 0.388184 0.50878 0.54091 2.2000 3.8200
S veh_high 0 veh_compacto_prata_31 0.518799 0.341553 0.545654 0.388184 0.49069 0.54091 2.2000 3.8200
S veh_high 0 veh_compacto_prata_16 0.547119 0.341553 0.571289 0.387695 0.50000 0.55736 1.9800 3.7800
S veh_high 0 veh_compacto_branco_16 0.572754 0.341553 0.596924 0.387695 0.50000 0.55736 1.9800 3.7800
S veh_high 0 veh_compacto_vermelho_16 0.598389 0.341553 0.622559 0.387695 0.50000 0.55736 1.9800 3.7800
S veh_high 0 veh_compacto_branco_29 0.624023 0.341553 0.665283 0.387207 0.49327 0.54166 3.3800 3.7400
S veh_high 0 veh_compacto_vermelho_3 0.666748 0.341553 0.708008 0.387207 0.50387 0.54166 3.3800 3.7400
S veh_high 0 veh_compacto_prata_3 0.709473 0.341553 0.750732 0.387207 0.50387 0.54166 3.3800 3.7400
S veh_high 0 veh_compacto_vermelho_29 0.752197 0.341553 0.793457 0.387207 0.49327 0.54166 3.3800 3.7400
S veh_high 0 veh_compacto_prata_29 0.794922 0.341553 0.836182 0.387207 0.49327 0.54166 3.3800 3.7400
S veh_high 0 veh_compacto_branco_3 0.837646 0.341553 0.878906 0.387207 0.50387 0.54166 3.3800 3.7400
S veh_high 0 veh_sedan_azul_11 0.880371 0.341553 0.937256 0.386963 0.50107 0.56481 4.6600 3.7200
S veh_high 0 veh_sedan_branco_21 0.938721 0.341553 0.995605 0.386963 0.49634 0.56481 4.6600 3.7200
S veh_high 0 veh_sedan_grafite_21 0.000732 0.389893 0.057617 0.435303 0.49634 0.56481 4.6600 3.7200
S veh_high 0 veh_sedan_grafite_11 0.059082 0.389893 0.115967 0.435303 0.50107 0.56481 4.6600 3.7200
S veh_high 0 veh_sedan_branco_11 0.117432 0.389893 0.174316 0.435303 0.50107 0.56481 4.6600 3.7200
S veh_high 0 veh_sedan_azul_21 0.175781 0.389893 0.232666 0.435303 0.49634 0.56481 4.6600 3.7200
S veh_high 0 veh_compacto_prata_0 0.234131 0.389893 0.258301 0.434814 0.50000 0.54597 1.9800 3.6800
S veh_high 0 veh_compacto_vermelho_0 0.259766 0.389893 0.283936 0.434814 0.50000 0.54597 1.9800 3.6800
S veh_high 0 veh_compacto_branco_0 0.285400 0.389893 0.309570 0.434814 0.50000 0.54597 1.9800 3.6800
S veh_high 0 veh_compacto_prata_12 0.311035 0.389893 0.357178 0.434326 0.50366 0.56025 3.7800 3.6400
S veh_high 0 veh_compacto_branco_20 0.358643 0.389893 0.404785 0.434326 0.49586 0.56025 3.7800 3.6400
S veh_high 0 veh_compacto_vermelho_12 0.406250 0.389893 0.452393 0.434326 0.50366 0.56025 3.7800 3.6400
S veh_high 0 veh_compacto_branco_12 0.453857 0.389893 0.500000 0.434326 0.50366 0.56025 3.7800 3.6400
S veh_high 0 veh_compacto_prata_20 0.501465 0.389893 0.547607 0.434326 0.49586 0.56025 3.7800 3.6400
S veh_high 0 veh_compacto_vermelho_20 0.549072 0.389893 0.595215 0.434326 0.49586 0.56025 3.7800 3.6400
S veh_high 0 veh_sedan_grafite_27 0.596680 0.389893 0.653564 0.433105 0.49634 0.54550 4.6600 3.5400
S veh_high 0 veh_sedan_grafite_5 0.655029 0.389893 0.711914 0.433105 0.50107 0.54550 4.6600 3.5400
S veh_high 0 veh_sedan_branco_5 0.713379 0.389893 0.770264 0.433105 0.50107 0.54550 4.6600 3.5400
S veh_high 0 veh_sedan_azul_5 0.771729 0.389893 0.828613 0.433105 0.50107 0.54550 4.6600 3.5400
S veh_high 0 veh_sedan_azul_27 0.830078 0.389893 0.886963 0.433105 0.49634 0.54550 4.6600 3.5400
S veh_high 0 veh_sedan_branco_27 0.888428 0.389893 0.945312 0.433105 0.49634 0.54550 4.6600 3.5400
S veh_high 0 veh_compacto_prata_28 0.946777 0.389893 0.992920 0.432617 0.49586 0.54347 3.7800 3.5000
S veh_high 0 veh_compacto_vermelho_28 0.000732 0.436768 0.046875 0.479492 0.49586 0.54347 3.7800 3.5000
S veh_high 0 veh_compacto_prata_4 0.048340 0.436768 0.094482 0.479492 0.50366 0.54347 3.7800 3.5000
S veh_high 0 veh_compacto_branco_4 0.095947 0.436768 0.142090 0.479492 0.50366 0.54347 3.7800 3.5000
S veh_high 0 veh_compacto_vermelho_4 0.143555 0.436768 0.189697 0.479492 0.50366 0.54347 3.7800 3.5000
S veh_high 0 veh_compacto_branco_28 0.191162 0.436768 0.237305 0.479492 0.49586 0.54347 3.7800 3.5000
S veh_high 0 veh_picape_vinho_22 0.238770 0.436768 0.302246 0.478271 0.49670 0.58413 5.2000 3.4000
S veh_high 0 veh_picape_branco_22 0.303711 0.436768 0.367188 0.478271 0.49670 0.58413 5.2000 3.4000
S veh_high 0 veh_picape_vinho_10 0.368652 0.436768 0.432129 0.478271 0.50244 0.58414 5.2000 3.4000
S veh_high 0 veh_picape_branco_10 0.433594 0.436768 0.497070 0.478271 0.50244 0.58414 5.2000 3.4000
S veh_high 0 veh_picape_azul_10 0.498535 0.436768 0.562012 0.478271 0.50244 0.58414 5.2000 3.4000
S veh_high 0 veh_picape_azul_22 0.563477 0.436768 0.626953 0.478271 0.49670 0.58413 5.2000 3.4000
S veh_high 0 veh_compacto_branco_11 0.628418 0.436768 0.677734 0.476807 0.50282 0.56585 4.0400 3.2800
S veh_high 0 veh_compacto_vermelho_11 0.679199 0.436768 0.728516 0.476807 0.50282 0.56585 4.0400 3.2800
S veh_high 0 veh_compacto_branco_21 0.729980 0.436768 0.779297 0.476807 0.49738 0.56585 4.0400 3.2800
S veh_high 0 veh_compacto_prata_11 0.780762 0.436768 0.830078 0.476807 0.50282 0.56585 4.0400 3.2800
S veh_high 0 veh_compacto_prata_21 0.831543 0.436768 0.880859 0.476807 0.49738 0.56585 4.0400 3.2800
S veh_high 0 veh_compacto_vermelho_21 0.882324 0.436768 0.931641 0.476807 0.49738 0.56585 4.0400 3.2800
S veh_high 0 veh_picape_azul_26 0.933105 0.436768 0.996582 0.475586 0.49670 0.55785 5.2000 3.1800
S veh_high 0 veh_picape_branco_26 0.000732 0.480957 0.064209 0.519775 0.49670 0.55785 5.2000 3.1800
S veh_high 0 veh_picape_azul_6 0.065674 0.480957 0.129150 0.519775 0.50244 0.55785 5.2000 3.1800
S veh_high 0 veh_picape_branco_6 0.130615 0.480957 0.194092 0.519775 0.50244 0.55785 5.2000 3.1800
S veh_high 0 veh_picape_vinho_26 0.195557 0.480957 0.259033 0.519775 0.49670 0.55785 5.2000 3.1800
S veh_high 0 veh_picape_vinho_6 0.260498 0.480957 0.323975 0.519775 0.50244 0.55785 5.2000 3.1800
S veh_high 0 veh_sedan_grafite_22 0.325439 0.480957 0.384033 0.519287 0.49801 0.57705 4.8000 3.1400
S veh_high 0 veh_sedan_branco_10 0.385498 0.480957 0.444092 0.519287 0.50086 0.57705 4.8000 3.1400
S veh_high 0 veh_sedan_grafite_10 0.445557 0.480957 0.504150 0.519287 0.50086 0.57705 4.8000 3.1400
S veh_high 0 veh_sedan_branco_22 0.505615 0.480957 0.564209 0.519287 0.49801 0.57705 4.8000 3.1400
S veh_high 0 veh_sedan_azul_22 0.565674 0.480957 0.624268 0.519287 0.49801 0.57705 4.8000 3.1400
S veh_high 0 veh_sedan_azul_10 0.625732 0.480957 0.684326 0.519287 0.50086 0.57705 4.8000 3.1400
S veh_high 0 veh_compacto_prata_27 0.685791 0.480957 0.735107 0.519043 0.49738 0.54913 4.0400 3.1200
S veh_high 0 veh_compacto_branco_27 0.736572 0.480957 0.785889 0.519043 0.49738 0.54913 4.0400 3.1200
S veh_high 0 veh_compacto_vermelho_5 0.787354 0.480957 0.836670 0.519043 0.50282 0.54913 4.0400 3.1200
S veh_high 0 veh_compacto_vermelho_27 0.838135 0.480957 0.887451 0.519043 0.49738 0.54913 4.0400 3.1200
S veh_high 0 veh_compacto_prata_5 0.888916 0.480957 0.938232 0.519043 0.50282 0.54913 4.0400 3.1200
S veh_high 0 veh_compacto_branco_5 0.939697 0.480957 0.989014 0.519043 0.50282 0.54913 4.0400 3.1200
S veh_high 0 veh_sedan_azul_6 0.000732 0.521240 0.059326 0.557373 0.50086 0.55338 4.8000 2.9600
S veh_high 0 veh_sedan_azul_26 0.060791 0.521240 0.119385 0.557373 0.49800 0.55338 4.8000 2.9600
S veh_high 0 veh_sedan_branco_6 0.120850 0.521240 0.179443 0.557373 0.50086 0.55338 4.8000 2.9600
S veh_high 0 veh_sedan_grafite_6 0.180908 0.521240 0.239502 0.557373 0.50086 0.55338 4.8000 2.9600
S veh_high 0 veh_sedan_grafite_26 0.240967 0.521240 0.299561 0.557373 0.49800 0.55338 4.8000 2.9600
S veh_high 0 veh_sedan_branco_26 0.301025 0.521240 0.359619 0.557373 0.49800 0.55338 4.8000 2.9600
S veh_high 0 veh_compacto_branco_22 0.361084 0.521240 0.411865 0.555176 0.49732 0.58026 4.1600 2.7800
S veh_high 0 veh_compacto_vermelho_10 0.413330 0.521240 0.464111 0.555176 0.50022 0.58026 4.1600 2.7800
S veh_high 0 veh_compacto_vermelho_22 0.465576 0.521240 0.516357 0.555176 0.49732 0.58026 4.1600 2.7800
S veh_high 0 veh_compacto_prata_22 0.517822 0.521240 0.568604 0.555176 0.49732 0.58026 4.1600 2.7800
S veh_high 0 veh_compacto_prata_10 0.570068 0.521240 0.620850 0.555176 0.50022 0.58026 4.1600 2.7800
S veh_high 0 veh_compacto_branco_10 0.622314 0.521240 0.673096 0.555176 0.50022 0.58026 4.1600 2.7800
S veh_high 0 veh_picape_azul_9 0.674561 0.521240 0.737793 0.553955 0.50062 0.59970 5.1800 2.6800
S veh_high 0 veh_picape_azul_23 0.739258 0.521240 0.802490 0.553955 0.49746 0.59970 5.1800 2.6800
S veh_high 0 veh_picape_vinho_9 0.803955 0.521240 0.867188 0.553955 0.50062 0.59970 5.1800 2.6800
S veh_high 0 veh_picape_branco_23 0.868652 0.521240 0.931885 0.553955 0.49746 0.59970 5.1800 2.6800
S veh_high 0 veh_picape_vinho_23 0.933350 0.521240 0.996582 0.553955 0.49746 0.59970 5.1800 2.6800
S veh_high 0 veh_picape_branco_9 0.000732 0.558838 0.063965 0.591553 0.50062 0.59970 5.1800 2.6800
S veh_high 0 veh_picape_vinho_7 0.065430 0.558838 0.128662 0.590820 0.50062 0.59401 5.1800 2.6200
S veh_high 0 veh_picape_vinho_25 0.130127 0.558838 0.193359 0.590820 0.49746 0.59401 5.1800 2.6200
S veh_high 0 veh_compacto_prata_26 0.194824 0.558838 0.245605 0.590820 0.49732 0.55973 4.1600 2.6200
S veh_high 0 veh_picape_branco_25 0.247070 0.558838 0.310303 0.590820 0.49746 0.59401 5.1800 2.6200
S veh_high 0 veh_picape_branco_7 0.311768 0.558838 0.375000 0.590820 0.50062 0.59401 5.1800 2.6200
S veh_high 0 veh_compacto_branco_6 0.376465 0.558838 0.427246 0.590820 0.50022 0.55973 4.1600 2.6200
S veh_high 0 veh_compacto_branco_26 0.428711 0.558838 0.479492 0.590820 0.49732 0.55973 4.1600 2.6200
S veh_high 0 veh_picape_azul_7 0.480957 0.558838 0.544189 0.590820 0.50062 0.59401 5.1800 2.6200
S veh_high 0 veh_compacto_vermelho_6 0.545654 0.558838 0.596436 0.590820 0.50022 0.55973 4.1600 2.6200
S veh_high 0 veh_compacto_vermelho_26 0.597900 0.558838 0.648682 0.590820 0.49732 0.55973 4.1600 2.6200
S veh_high 0 veh_picape_azul_25 0.650146 0.558838 0.713379 0.590820 0.49746 0.59401 5.1800 2.6200
S veh_high 0 veh_compacto_prata_6 0.714844 0.558838 0.765625 0.590820 0.50022 0.55973 4.1600 2.6200
S veh_high 0 veh_sedan_branco_9 0.767090 0.558838 0.825195 0.589355 0.50020 0.58704 4.7600 2.5000
S veh_high 0 veh_sedan_azul_23 0.826660 0.558838 0.884766 0.589355 0.49945 0.58704 4.7600 2.5000
S veh_high 0 veh_sedan_azul_25 0.886230 0.558838 0.944336 0.589355 0.49945 0.58997 4.7600 2.5000
S veh_high 0 veh_sedan_branco_25 0.000732 0.593018 0.058838 0.623535 0.49945 0.58997 4.7600 2.5000
S veh_high 0 veh_sedan_grafite_23 0.060303 0.593018 0.118408 0.623535 0.49945 0.58704 4.7600 2.5000
S veh_high 0 veh_sedan_azul_9 0.119873 0.593018 0.177979 0.623535 0.50020 0.58704 4.7600 2.5000
S veh_high 0 veh_sedan_azul_7 0.179443 0.593018 0.237549 0.623535 0.50020 0.58997 4.7600 2.5000
S veh_high 0 veh_sedan_grafite_7 0.239014 0.593018 0.297119 0.623535 0.50020 0.58997 4.7600 2.5000
S veh_high 0 veh_sedan_branco_7 0.298584 0.593018 0.356689 0.623535 0.50020 0.58997 4.7600 2.5000
S veh_high 0 veh_sedan_branco_23 0.358154 0.593018 0.416260 0.623535 0.49945 0.58704 4.7600 2.5000
S veh_high 0 veh_sedan_grafite_9 0.417725 0.593018 0.475830 0.623535 0.50020 0.58704 4.7600 2.5000
S veh_high 0 veh_sedan_grafite_25 0.477295 0.593018 0.535400 0.623535 0.49945 0.58997 4.7600 2.5000
S veh_high 0 veh_compacto_vermelho_25 0.536865 0.593018 0.586914 0.621094 0.49971 0.59355 4.1000 2.3000
S veh_high 0 veh_compacto_prata_25 0.588379 0.593018 0.638428 0.621094 0.49971 0.59355 4.1000 2.3000
S veh_high 0 veh_compacto_prata_7 0.639893 0.593018 0.689941 0.621094 0.50011 0.59355 4.1000 2.3000
S veh_high 0 veh_compacto_branco_7 0.691406 0.593018 0.741455 0.621094 0.50011 0.59355 4.1000 2.3000
S veh_high 0 veh_compacto_vermelho_7 0.742920 0.593018 0.792969 0.621094 0.50011 0.59355 4.1000 2.3000
S veh_high 0 veh_compacto_branco_25 0.794434 0.593018 0.844482 0.621094 0.49971 0.59355 4.1000 2.3000
S veh_high 0 veh_picape_azul_24 0.845947 0.593018 0.906982 0.620850 0.49700 0.64397 5.0000 2.2800
S veh_high 0 veh_picape_vinho_8 0.908447 0.593018 0.969482 0.620850 0.50000 0.64397 5.0000 2.2800
S veh_high 0 veh_picape_vinho_24 0.000732 0.625000 0.061768 0.652832 0.49700 0.64397 5.0000 2.2800
S veh_high 0 veh_picape_azul_8 0.063232 0.625000 0.124268 0.652832 0.50000 0.64397 5.0000 2.2800
S veh_high 0 veh_picape_branco_24 0.125732 0.625000 0.186768 0.652832 0.49700 0.64397 5.0000 2.2800
S veh_high 0 veh_picape_branco_8 0.188232 0.625000 0.249268 0.652832 0.50000 0.64397 5.0000 2.2800
S veh_high 0 veh_compacto_prata_23 0.250732 0.625000 0.300781 0.652588 0.49971 0.58467 4.1000 2.2600
S veh_high 0 veh_compacto_vermelho_23 0.302246 0.625000 0.352295 0.652588 0.49971 0.58467 4.1000 2.2600
S veh_high 0 veh_compacto_branco_9 0.353760 0.625000 0.403809 0.652588 0.50011 0.58467 4.1000 2.2600
S veh_high 0 veh_compacto_vermelho_9 0.405273 0.625000 0.455322 0.652588 0.50011 0.58467 4.1000 2.2600
S veh_high 0 veh_compacto_prata_9 0.456787 0.625000 0.506836 0.652588 0.50011 0.58467 4.1000 2.2600
S veh_high 0 veh_compacto_branco_23 0.508301 0.625000 0.558350 0.652588 0.49971 0.58467 4.1000 2.2600
S veh_high 0 veh_sedan_branco_24 0.559814 0.625000 0.615967 0.651855 0.49674 0.64335 4.6000 2.2000
S veh_high 0 veh_sedan_grafite_24 0.617432 0.625000 0.673584 0.651855 0.49674 0.64335 4.6000 2.2000
S veh_high 0 veh_sedan_azul_24 0.675049 0.625000 0.731201 0.651855 0.49674 0.64335 4.6000 2.2000
S veh_high 0 veh_sedan_azul_8 0.732666 0.625000 0.788818 0.651855 0.50000 0.64335 4.6000 2.2000
S veh_high 0 veh_sedan_grafite_8 0.790283 0.625000 0.846436 0.651855 0.50000 0.64335 4.6000 2.2000
S veh_high 0 veh_sedan_branco_8 0.847900 0.625000 0.904053 0.651855 0.50000 0.64335 4.6000 2.2000
S veh_high 0 veh_compacto_branco_8 0.905518 0.625000 0.953613 0.650146 0.50127 0.65059 3.9400 2.0600
S veh_high 0 veh_compacto_prata_24 0.000732 0.654297 0.048828 0.679443 0.49746 0.65059 3.9400 2.0600
S veh_high 0 veh_compacto_vermelho_8 0.050293 0.654297 0.098389 0.679443 0.50127 0.65059 3.9400 2.0600
S veh_high 0 veh_compacto_prata_8 0.099854 0.654297 0.147949 0.679443 0.50127 0.65059 3.9400 2.0600
S veh_high 0 veh_compacto_vermelho_24 0.149414 0.654297 0.197510 0.679443 0.49746 0.65059 3.9400 2.0600
S veh_high 0 veh_compacto_branco_24 0.198975 0.654297 0.247070 0.679443 0.49746 0.65059 3.9400 2.0600
PAGE veh_low 0 4096 4096
S veh_low 0 veh_picape_branco_6 0.000732 0.000732 0.109863 0.055664 0.50544 0.77979 4.6562 2.3438
S veh_low 0 veh_picape_branco_10 0.111328 0.000732 0.220459 0.055664 0.49442 0.77979 4.6562 2.3438
S veh_low 0 veh_picape_azul_10 0.221924 0.000732 0.331055 0.055664 0.49442 0.77979 4.6562 2.3438
S veh_low 0 veh_picape_azul_6 0.332520 0.000732 0.441650 0.055664 0.50544 0.77979 4.6562 2.3438
S veh_low 0 veh_picape_vinho_10 0.443115 0.000732 0.552246 0.055664 0.49442 0.77979 4.6562 2.3438
S veh_low 0 veh_picape_vinho_6 0.553711 0.000732 0.662842 0.055664 0.50544 0.77979 4.6562 2.3438
S veh_low 0 veh_picape_branco_2 0.664307 0.000732 0.773438 0.055420 0.50544 0.78938 4.6562 2.3333
S veh_low 0 veh_picape_branco_7 0.774902 0.000732 0.854980 0.055420 0.50808 0.77465 3.4167 2.3333
S veh_low 0 veh_picape_branco_9 0.856445 0.000732 0.936523 0.055420 0.49009 0.77465 3.4167 2.3333
S veh_low 0 veh_picape_azul_1 0.000732 0.057129 0.080811 0.111816 0.50808 0.78309 3.4167 2.3333
S veh_low 0 veh_picape_azul_2 0.082275 0.057129 0.191406 0.111816 0.50544 0.78938 4.6562 2.3333
S veh_low 0 veh_picape_branco_14 0.192871 0.057129 0.302002 0.111816 0.49442 0.78938 4.6562 2.3333
S veh_low 0 veh_picape_branco_15 0.303467 0.057129 0.383545 0.111816 0.49009 0.78309 3.4167 2.3333
S veh_low 0 veh_picape_vinho_1 0.385010 0.057129 0.465088 0.111816 0.50808 0.78309 3.4167 2.3333
S veh_low 0 veh_picape_vinho_2 0.466553 0.057129 0.575684 0.111816 0.50544 0.78938 4.6562 2.3333
S veh_low 0 veh_picape_branco_1 0.577148 0.057129 0.657227 0.111816 0.50808 0.78309 3.4167 2.3333
S veh_low 0 veh_picape_vinho_7 0.658691 0.057129 0.738770 0.111816 0.50808 0.77465 3.4167 2.3333
S veh_low 0 veh_picape_vinho_15 0.740234 0.057129 0.820312 0.111816 0.49009 0.78309 3.4167 2.3333
S veh_low 0 veh_picape_vinho_14 0.821777 0.057129 0.930908 0.111816 0.49442 0.78938 4.6562 2.3333
S veh_low 0 veh_picape_azul_9 0.000732 0.113281 0.080811 0.167969 0.49009 0.77465 3.4167 2.3333
S veh_low 0 veh_picape_azul_7 0.082275 0.113281 0.162354 0.167969 0.50808 0.77465 3.4167 2.3333
S veh_low 0 veh_picape_azul_14 0.163818 0.113281 0.272949 0.167969 0.49442 0.78938 4.6562 2.3333
S veh_low 0 veh_picape_azul_15 0.274414 0.113281 0.354492 0.167969 0.49009 0.78309 3.4167 2.3333
S veh_low 0 veh_picape_vinho_9 0.355957 0.113281 0.436035 0.167969 0.49009 0.77465 3.4167 2.3333
S veh_low 0 veh_picape_azul_0 0.437500 0.113281 0.486816 0.166748 0.49901 0.79370 2.1042 2.2812
S veh_low 0 veh_picape_vinho_0 0.488281 0.113281 0.537598 0.166748 0.49901 0.79370 2.1042 2.2812
S veh_low 0 veh_picape_azul_8 0.539062 0.113281 0.588379 0.166748 0.49901 0.78423 2.1042 2.2812
S veh_low 0 veh_picape_vinho_8 0.589844 0.113281 0.639160 0.166748 0.49901 0.78423 2.1042 2.2812
S veh_low 0 veh_picape_branco_8 0.640625 0.113281 0.689941 0.166748 0.49901 0.78423 2.1042 2.2812
S veh_low 0 veh_picape_branco_0 0.691406 0.113281 0.740723 0.166748 0.49901 0.79370 2.1042 2.2812
S veh_low 0 veh_picape_branco_3 0.742188 0.113281 0.864014 0.165771 0.50264 0.81872 5.1979 2.2396
S veh_low 0 veh_picape_azul_5 0.865479 0.113281 0.987305 0.165771 0.50264 0.81598 5.1979 2.2396
S veh_low 0 veh_picape_azul_3 0.000732 0.169434 0.122559 0.221924 0.50264 0.81872 5.1979 2.2396
S veh_low 0 veh_picape_azul_13 0.124023 0.169434 0.245850 0.221924 0.49690 0.81872 5.1979 2.2396
S veh_low 0 veh_picape_azul_11 0.247314 0.169434 0.369141 0.221924 0.49690 0.81598 5.1979 2.2396
S veh_low 0 veh_picape_branco_5 0.370605 0.169434 0.492432 0.221924 0.50264 0.81598 5.1979 2.2396
S veh_low 0 veh_picape_branco_13 0.493896 0.169434 0.615723 0.221924 0.49690 0.81872 5.1979 2.2396
S veh_low 0 veh_picape_branco_11 0.617188 0.169434 0.739014 0.221924 0.49690 0.81598 5.1979 2.2396
S veh_low 0 veh_picape_vinho_13 0.740479 0.169434 0.862305 0.221924 0.49690 0.81872 5.1979 2.2396
S veh_low 0 veh_picape_vinho_3 0.863770 0.169434 0.985596 0.221924 0.50264 0.81872 5.1979 2.2396
S veh_low 0 veh_picape_vinho_5 0.000732 0.223389 0.122559 0.275879 0.50264 0.81598 5.1979 2.2396
S veh_low 0 veh_picape_vinho_11 0.124023 0.223389 0.245850 0.275879 0.49690 0.81598 5.1979 2.2396
S veh_low 0 veh_compacto_prata_7 0.247314 0.223389 0.313965 0.272461 0.50528 0.79965 2.8438 2.0938
S veh_low 0 veh_compacto_vermelho_9 0.315430 0.223389 0.382080 0.272461 0.49219 0.79965 2.8438 2.0938
S veh_low 0 veh_compacto_prata_9 0.383545 0.223389 0.450195 0.272461 0.49219 0.79965 2.8438 2.0938
S veh_low 0 veh_compacto_vermelho_7 0.451660 0.223389 0.518311 0.272461 0.50528 0.79965 2.8438 2.0938
S veh_low 0 veh_compacto_branco_9 0.519775 0.223389 0.586426 0.272461 0.49219 0.79965 2.8438 2.0938
S veh_low 0 veh_compacto_branco_7 0.587891 0.223389 0.654541 0.272461 0.50528 0.79965 2.8438 2.0938
S veh_low 0 veh_sedan_grafite_9 0.656006 0.223389 0.730957 0.272217 0.49391 0.76365 3.1979 2.0833
S veh_low 0 veh_sedan_grafite_7 0.732422 0.223389 0.807373 0.272217 0.50555 0.76365 3.1979 2.0833
S veh_low 0 veh_sedan_azul_7 0.808838 0.223389 0.883789 0.272217 0.50555 0.76365 3.1979 2.0833
S veh_low 0 veh_sedan_branco_9 0.885254 0.223389 0.960205 0.272217 0.49391 0.76365 3.1979 2.0833
S veh_low 0 veh_sedan_branco_7 0.000732 0.277344 0.075684 0.326172 0.50555 0.76365 3.1979 2.0833
S veh_low 0 veh_sedan_azul_9 0.077148 0.277344 0.152100 0.326172 0.49391 0.76365 3.1979 2.0833
S veh_low 0 veh_sedan_branco_10 0.153564 0.277344 0.254883 0.325928 0.49656 0.76625 4.3229 2.0729
S veh_low 0 veh_sedan_branco_6 0.256348 0.277344 0.357666 0.325928 0.50338 0.76625 4.3229 2.0729
S veh_low 0 veh_sedan_azul_10 0.359131 0.277344 0.460449 0.325928 0.49656 0.76625 4.3229 2.0729
S veh_low 0 veh_sedan_azul_6 0.461914 0.277344 0.563232 0.325928 0.50338 0.76625 4.3229 2.0729
S veh_low 0 veh_sedan_grafite_6 0.564697 0.277344 0.666016 0.325928 0.50338 0.76625 4.3229 2.0729
S veh_low 0 veh_sedan_grafite_10 0.667480 0.277344 0.768799 0.325928 0.49656 0.76625 4.3229 2.0729
S veh_low 0 veh_compacto_vermelho_10 0.770264 0.277344 0.858887 0.325684 0.49569 0.79797 3.7812 2.0625
S veh_low 0 veh_picape_vinho_12 0.860352 0.277344 0.977295 0.325684 0.49804 0.87562 4.9896 2.0625
S veh_low 0 veh_compacto_branco_6 0.000732 0.327637 0.089355 0.375977 0.50349 0.79797 3.7812 2.0625
S veh_low 0 veh_compacto_branco_10 0.090820 0.327637 0.179443 0.375977 0.49569 0.79797 3.7812 2.0625
S veh_low 0 veh_picape_vinho_4 0.180908 0.327637 0.297852 0.375977 0.50104 0.87562 4.9896 2.0625
S veh_low 0 veh_compacto_vermelho_6 0.299316 0.327637 0.387939 0.375977 0.50349 0.79797 3.7812 2.0625
S veh_low 0 veh_picape_branco_12 0.389404 0.327637 0.506348 0.375977 0.49804 0.87562 4.9896 2.0625
S veh_low 0 veh_compacto_prata_6 0.507812 0.327637 0.596436 0.375977 0.50349 0.79797 3.7812 2.0625
S veh_low 0 veh_picape_azul_4 0.597900 0.327637 0.714844 0.375977 0.50104 0.87562 4.9896 2.0625
S veh_low 0 veh_compacto_prata_10 0.716309 0.327637 0.804932 0.375977 0.49569 0.79797 3.7812 2.0625
S veh_low 0 veh_picape_branco_4 0.806396 0.327637 0.923340 0.375977 0.50104 0.87562 4.9896 2.0625
S veh_low 0 veh_picape_azul_12 0.000732 0.377441 0.117676 0.425781 0.49804 0.87562 4.9896 2.0625
S veh_low 0 veh_compacto_vermelho_8 0.119141 0.377441 0.165527 0.425049 0.50021 0.82402 1.9792 2.0312
S veh_low 0 veh_compacto_prata_8 0.166992 0.377441 0.213379 0.425049 0.50021 0.82402 1.9792 2.0312
S veh_low 0 veh_compacto_branco_8 0.214844 0.377441 0.261230 0.425049 0.50021 0.82402 1.9792 2.0312
S veh_low 0 veh_sedan_azul_8 0.262695 0.377441 0.312012 0.424561 0.49901 0.78659 2.1042 2.0104
S veh_low 0 veh_sedan_branco_8 0.313477 0.377441 0.362793 0.424561 0.49901 0.78659 2.1042 2.0104
S veh_low 0 veh_sedan_grafite_8 0.364258 0.377441 0.413574 0.424561 0.49901 0.78659 2.1042 2.0104
S veh_low 0 veh_sedan_azul_5 0.415039 0.377441 0.527588 0.423340 0.50065 0.79634 4.8021 1.9583
S veh_low 0 veh_sedan_azul_14 0.529053 0.377441 0.630371 0.423340 0.49656 0.75851 4.3229 1.9583
S veh_low 0 veh_sedan_azul_11 0.631836 0.377441 0.744385 0.423340 0.49779 0.79634 4.8021 1.9583
S veh_low 0 veh_sedan_branco_2 0.745850 0.377441 0.847168 0.423340 0.50338 0.75851 4.3229 1.9583
S veh_low 0 veh_sedan_branco_5 0.848633 0.377441 0.961182 0.423340 0.50065 0.79634 4.8021 1.9583
S veh_low 0 veh_sedan_branco_11 0.000732 0.427246 0.113281 0.473145 0.49779 0.79634 4.8021 1.9583
S veh_low 0 veh_sedan_grafite_14 0.114746 0.427246 0.216064 0.473145 0.49656 0.75851 4.3229 1.9583
S veh_low 0 veh_sedan_grafite_11 0.217529 0.427246 0.330078 0.473145 0.49779 0.79634 4.8021 1.9583
S veh_low 0 veh_sedan_azul_2 0.331543 0.427246 0.432861 0.473145 0.50338 0.75851 4.3229 1.9583
S veh_low 0 veh_sedan_grafite_5 0.434326 0.427246 0.546875 0.473145 0.50065 0.79634 4.8021 1.9583
S veh_low 0 veh_sedan_grafite_2 0.548340 0.427246 0.649658 0.473145 0.50338 0.75851 4.3229 1.9583
S veh_low 0 veh_sedan_branco_14 0.651123 0.427246 0.752441 0.473145 0.49656 0.75851 4.3229 1.9583
S veh_low 0 veh_sedan_grafite_1 0.753906 0.427246 0.828857 0.472656 0.50555 0.75125 3.1979 1.9375
S veh_low 0 veh_sedan_grafite_15 0.830322 0.427246 0.905273 0.472656 0.49391 0.75125 3.1979 1.9375
S veh_low 0 veh_sedan_branco_1 0.906738 0.427246 0.981689 0.472656 0.50555 0.75125 3.1979 1.9375
S veh_low 0 veh_sedan_azul_15 0.000732 0.474609 0.075684 0.520020 0.49391 0.75125 3.1979 1.9375
S veh_low 0 veh_sedan_branco_15 0.077148 0.474609 0.152100 0.520020 0.49391 0.75125 3.1979 1.9375
S veh_low 0 veh_sedan_azul_1 0.153564 0.474609 0.228516 0.520020 0.50555 0.75125 3.1979 1.9375
S veh_low 0 veh_compacto_vermelho_11 0.229980 0.474609 0.327393 0.519775 0.49777 0.81916 4.1562 1.9271
S veh_low 0 veh_compacto_prata_11 0.328857 0.474609 0.426270 0.519775 0.49777 0.81916 4.1562 1.9271
S veh_low 0 veh_compacto_vermelho_5 0.427734 0.474609 0.525146 0.519775 0.50067 0.81916 4.1562 1.9271
S veh_low 0 veh_compacto_branco_5 0.526611 0.474609 0.624023 0.519775 0.50067 0.81916 4.1562 1.9271
S veh_low 0 veh_compacto_branco_11 0.625488 0.474609 0.722900 0.519775 0.49777 0.81916 4.1562 1.9271
S veh_low 0 veh_compacto_prata_5 0.724365 0.474609 0.821777 0.519775 0.50067 0.81916 4.1562 1.9271
S veh_low 0 veh_sedan_azul_3 0.823242 0.474609 0.935791 0.519043 0.50065 0.79398 4.8021 1.8958
S veh_low 0 veh_sedan_branco_13 0.000732 0.521484 0.113281 0.565918 0.49779 0.79398 4.8021 1.8958
S veh_low 0 veh_sedan_grafite_3 0.114746 0.521484 0.227295 0.565918 0.50065 0.79398 4.8021 1.8958
S veh_low 0 veh_sedan_azul_13 0.228760 0.521484 0.341309 0.565918 0.49779 0.79398 4.8021 1.8958
S veh_low 0 veh_sedan_grafite_13 0.342773 0.521484 0.455322 0.565918 0.49779 0.79398 4.8021 1.8958
S veh_low 0 veh_sedan_branco_3 0.456787 0.521484 0.569336 0.565918 0.50065 0.79398 4.8021 1.8958
S veh_low 0 veh_sedan_azul_0 0.570801 0.521484 0.620117 0.564941 0.49901 0.77193 2.1042 1.8542
S veh_low 0 veh_sedan_branco_0 0.621582 0.521484 0.670898 0.564941 0.49901 0.77193 2.1042 1.8542
S veh_low 0 veh_sedan_grafite_0 0.672363 0.521484 0.721680 0.564941 0.49901 0.77193 2.1042 1.8542
S veh_low 0 veh_compacto_vermelho_14 0.723145 0.521484 0.811768 0.564697 0.49569 0.77334 3.7812 1.8438
S veh_low 0 veh_compacto_prata_2 0.813232 0.521484 0.901855 0.564697 0.50349 0.77334 3.7812 1.8438
S veh_low 0 veh_compacto_vermelho_2 0.903320 0.521484 0.991943 0.564697 0.50349 0.77334 3.7812 1.8438
S veh_low 0 veh_compacto_prata_14 0.000732 0.567383 0.089355 0.610596 0.49569 0.77334 3.7812 1.8438
S veh_low 0 veh_compacto_branco_14 0.090820 0.567383 0.179443 0.610596 0.49569 0.77334 3.7812 1.8438
S veh_low 0 veh_compacto_branco_2 0.180908 0.567383 0.269531 0.610596 0.50349 0.77334 3.7812 1.8438
S veh_low 0 veh_compacto_vermelho_1 0.270996 0.567383 0.337646 0.609863 0.50528 0.76668 2.8438 1.8125
S veh_low 0 veh_compacto_branco_15 0.339111 0.567383 0.405762 0.609863 0.49219 0.76668 2.8438 1.8125
S veh_low 0 veh_compacto_vermelho_3 0.407227 0.567383 0.504639 0.609863 0.50067 0.80488 4.1562 1.8125
S veh_low 0 veh_compacto_branco_13 0.506104 0.567383 0.603516 0.609863 0.49777 0.80488 4.1562 1.8125
S veh_low 0 veh_compacto_branco_3 0.604980 0.567383 0.702393 0.609863 0.50067 0.80488 4.1562 1.8125
S veh_low 0 veh_compacto_branco_1 0.703857 0.567383 0.770508 0.609863 0.50528 0.76668 2.8438 1.8125
S veh_low 0 veh_compacto_vermelho_13 0.771973 0.567383 0.869385 0.609863 0.49777 0.80488 4.1562 1.8125
S veh_low 0 veh_compacto_prata_3 0.870850 0.567383 0.968262 0.609863 0.50067 0.80488 4.1562 1.8125
S veh_low 0 veh_compacto_vermelho_15 0.000732 0.612061 0.067383 0.654541 0.49219 0.76668 2.8438 1.8125
S veh_low 0 veh_compacto_prata_1 0.068848 0.612061 0.135498 0.654541 0.50528 0.76668 2.8438 1.8125
S veh_low 0 veh_compacto_prata_13 0.136963 0.612061 0.234375 0.654541 0.49777 0.80488 4.1562 1.8125
S veh_low 0 veh_compacto_prata_15 0.235840 0.612061 0.302490 0.654541 0.49219 0.76668 2.8438 1.8125
S veh_low 0 veh_sedan_azul_12 0.303955 0.612061 0.411377 0.653076 0.49855 0.85874 4.5833 1.7500
S veh_low 0 veh_sedan_branco_4 0.412842 0.612061 0.520264 0.653076 0.50182 0.85874 4.5833 1.7500
S veh_low 0 veh_sedan_branco_12 0.521729 0.612061 0.629150 0.653076 0.49855 0.85874 4.5833 1.7500
S veh_low 0 veh_sedan_azul_4 0.630615 0.612061 0.738037 0.653076 0.50182 0.85874 4.5833 1.7500
S veh_low 0 veh_sedan_grafite_12 0.739502 0.612061 0.846924 0.653076 0.49855 0.85874 4.5833 1.7500
S veh_low 0 veh_sedan_grafite_4 0.848389 0.612061 0.955811 0.653076 0.50182 0.85874 4.5833 1.7500
S veh_low 0 veh_compacto_vermelho_0 0.000732 0.656006 0.047119 0.696533 0.50021 0.79006 1.9792 1.7292
S veh_low 0 veh_compacto_branco_0 0.048584 0.656006 0.094971 0.696533 0.50021 0.79006 1.9792 1.7292
S veh_low 0 veh_compacto_prata_0 0.096436 0.656006 0.142822 0.696533 0.50021 0.79006 1.9792 1.7292
S veh_low 0 veh_compacto_prata_12 0.144287 0.656006 0.236572 0.696045 0.49778 0.86603 3.9375 1.7083
S veh_low 0 veh_compacto_branco_12 0.238037 0.656006 0.330322 0.696045 0.49778 0.86603 3.9375 1.7083
S veh_low 0 veh_compacto_prata_4 0.331787 0.656006 0.424072 0.696045 0.50159 0.86603 3.9375 1.7083
S veh_low 0 veh_compacto_vermelho_4 0.425537 0.656006 0.517822 0.696045 0.50159 0.86603 3.9375 1.7083
S veh_low 0 veh_compacto_branco_4 0.519287 0.656006 0.611572 0.696045 0.50159 0.86603 3.9375 1.7083
S veh_low 0 veh_compacto_vermelho_12 0.613037 0.656006 0.705322 0.696045 0.49778 0.86603 3.9375 1.7083
